sector;subsector_new;rootcol;order;col;year;pollutant;metric;unit;emission;source
Dienstleistungen;Feuerungen Holz und Kohle;Gold;1;#A67C00;2015;CO;Jahresmenge;t/a;1458.844126634;Ostluft & BAFU
Dienstleistungen;verschiedene;Gold;2;#FFBF00;2015;CO;Jahresmenge;t/a;815.307545654;Ostluft & BAFU
Dienstleistungen;Feuerungen Öl und Gas;Gold;3;#FFD447;2015;CO;Jahresmenge;t/a;137.020579229;Ostluft & BAFU
Haushalte;Feuerungen Holz und Kohle;Green;4;#354F52;2015;CO;Jahresmenge;t/a;2609.664954044;Ostluft & BAFU
Haushalte;verschiedene;Green;5;#52796F;2015;CO;Jahresmenge;t/a;926.089061182;Ostluft & BAFU
Haushalte;Feuerungen Öl und Gas;Green;7;#CAD2C5;2015;CO;Jahresmenge;t/a;199.333469527;Ostluft & BAFU
Industrie;verschiedene;Blue;9;#2C497F;2015;CO;Jahresmenge;t/a;1239.9111573781;Ostluft & BAFU
Industrie;Baumaschinen;Blue;10;#8897BD;2015;CO;Jahresmenge;t/a;504.500551508;Ostluft & BAFU
Industrie;Kehrichtverbrennungsanagen;Blue;11;#E3E4FA;2015;CO;Jahresmenge;t/a;63.896688;Ostluft & BAFU
Land- und Forstw.;verschiedene;Purple;13;#7B2CBF;2015;CO;Jahresmenge;t/a;1176.9164791924;Ostluft & BAFU
Verkehr;Strassenverkehr;Gray;15;#1A1A1A;2015;CO;Jahresmenge;t/a;6136.618168315;Ostluft & BAFU
Verkehr;verschiedene;Gray;16;#7F7F7F;2015;CO;Jahresmenge;t/a;4420.152505743;Ostluft & BAFU
Verkehr;Flugverkehr;Gray;17;#E5E5E5;2015;CO;Jahresmenge;t/a;1334.000051036;Ostluft & BAFU
Dienstleistungen;Feuerungen Holz und Kohle;Gold;1;#A67C00;2015;NH3;Jahresmenge;t/a;4.5865190590000005;Ostluft & BAFU
Dienstleistungen;Feuerungen Öl und Gas;Gold;3;#FFD447;2015;NH3;Jahresmenge;t/a;0.5825073509;Ostluft & BAFU
Dienstleistungen;verschiedene;Gold;2;#FFBF00;2015;NH3;Jahresmenge;t/a;0.002576063854;Ostluft & BAFU
Haushalte;verschiedene;Green;5;#52796F;2015;NH3;Jahresmenge;t/a;89.605992133356;Ostluft & BAFU
Haushalte;Feuerungen Holz und Kohle;Green;4;#354F52;2015;NH3;Jahresmenge;t/a;5.175305243;Ostluft & BAFU
Haushalte;Feuerungen Öl und Gas;Green;7;#CAD2C5;2015;NH3;Jahresmenge;t/a;0.017923785275999998;Ostluft & BAFU
Industrie;verschiedene;Blue;9;#2C497F;2015;NH3;Jahresmenge;t/a;89.9813756541673;Ostluft & BAFU
Industrie;Kehrichtverbrennungsanagen;Blue;11;#E3E4FA;2015;NH3;Jahresmenge;t/a;4.0822883999999995;Ostluft & BAFU
Industrie;Lösungsmittel;Blue;8;#293961;2015;NH3;Jahresmenge;t/a;3.480120021;Ostluft & BAFU
Industrie;Baumaschinen;Blue;10;#8897BD;2015;NH3;Jahresmenge;t/a;0.2184726669;Ostluft & BAFU
Land- und Forstw.;Weiden;Purple;14;#C77DFF;2015;NH3;Jahresmenge;t/a;1437.415523103;Ostluft & BAFU
Land- und Forstw.;Ställe;Purple;12;#3C096C;2015;NH3;Jahresmenge;t/a;1297.717655758;Ostluft & BAFU
Land- und Forstw.;verschiedene;Purple;13;#7B2CBF;2015;NH3;Jahresmenge;t/a;209.4936954966774;Ostluft & BAFU
Verkehr;Strassenverkehr;Gray;15;#1A1A1A;2015;NH3;Jahresmenge;t/a;178.81841213;Ostluft & BAFU
Verkehr;verschiedene;Gray;16;#7F7F7F;2015;NH3;Jahresmenge;t/a;0.00477924295;Ostluft & BAFU
Dienstleistungen;Feuerungen Holz und Kohle;Gold;1;#A67C00;2015;NMVOC;Jahresmenge;t/a;112.941789899;Ostluft & BAFU
Dienstleistungen;Feuerungen Öl und Gas;Gold;3;#FFD447;2015;NMVOC;Jahresmenge;t/a;56.855801348;Ostluft & BAFU
Dienstleistungen;verschiedene;Gold;2;#FFBF00;2015;NMVOC;Jahresmenge;t/a;45.160826519000004;Ostluft & BAFU
Haushalte;Lösungsmittel;Green;6;#84A98C;2015;NMVOC;Jahresmenge;t/a;1281.708092448;Ostluft & BAFU
Haushalte;Feuerungen Holz und Kohle;Green;4;#354F52;2015;NMVOC;Jahresmenge;t/a;201.510894474;Ostluft & BAFU
Haushalte;verschiedene;Green;5;#52796F;2015;NMVOC;Jahresmenge;t/a;105.98293926;Ostluft & BAFU
Haushalte;Feuerungen Öl und Gas;Green;7;#CAD2C5;2015;NMVOC;Jahresmenge;t/a;83.658756826;Ostluft & BAFU
Industrie;Lösungsmittel;Blue;8;#293961;2015;NMVOC;Jahresmenge;t/a;5758.545332818;Ostluft & BAFU
Industrie;verschiedene;Blue;9;#2C497F;2015;NMVOC;Jahresmenge;t/a;650.86014115364;Ostluft & BAFU
Industrie;Baumaschinen;Blue;10;#8897BD;2015;NMVOC;Jahresmenge;t/a;112.273106344;Ostluft & BAFU
Industrie;Kehrichtverbrennungsanagen;Blue;11;#E3E4FA;2015;NMVOC;Jahresmenge;t/a;24.848712;Ostluft & BAFU
Land- und Forstw.;Ställe;Purple;12;#3C096C;2015;NMVOC;Jahresmenge;t/a;937.867685785;Ostluft & BAFU
Land- und Forstw.;verschiedene;Purple;13;#7B2CBF;2015;NMVOC;Jahresmenge;t/a;181.4558960152;Ostluft & BAFU
Verkehr;verschiedene;Gray;16;#7F7F7F;2015;NMVOC;Jahresmenge;t/a;840.924521037;Ostluft & BAFU
Verkehr;Strassenverkehr;Gray;15;#1A1A1A;2015;NMVOC;Jahresmenge;t/a;507.70902398;Ostluft & BAFU
Verkehr;Flugverkehr;Gray;17;#E5E5E5;2015;NMVOC;Jahresmenge;t/a;303.000003096;Ostluft & BAFU
natürl. Emissionen;Wälder;natural;18;#636B2F;2015;NMVOC;Jahresmenge;t/a;4289.386099001;Ostluft & BAFU
Dienstleistungen;Feuerungen Öl und Gas;Gold;3;#FFD447;2015;NOx;Jahresmenge;t/a;394.38622908;Ostluft & BAFU
Dienstleistungen;Feuerungen Holz und Kohle;Gold;1;#A67C00;2015;NOx;Jahresmenge;t/a;199.70593040699998;Ostluft & BAFU
Dienstleistungen;verschiedene;Gold;2;#FFBF00;2015;NOx;Jahresmenge;t/a;5.701862859;Ostluft & BAFU
Haushalte;Feuerungen Öl und Gas;Green;7;#CAD2C5;2015;NOx;Jahresmenge;t/a;454.979323695;Ostluft & BAFU
Haushalte;Feuerungen Holz und Kohle;Green;4;#354F52;2015;NOx;Jahresmenge;t/a;155.059935077;Ostluft & BAFU
Haushalte;verschiedene;Green;5;#52796F;2015;NOx;Jahresmenge;t/a;19.24861234;Ostluft & BAFU
Industrie;verschiedene;Blue;9;#2C497F;2015;NOx;Jahresmenge;t/a;656.7707036015;Ostluft & BAFU
Industrie;Kehrichtverbrennungsanagen;Blue;11;#E3E4FA;2015;NOx;Jahresmenge;t/a;333.682704;Ostluft & BAFU
Industrie;Baumaschinen;Blue;10;#8897BD;2015;NOx;Jahresmenge;t/a;272.19822084;Ostluft & BAFU
Land- und Forstw.;verschiedene;Purple;13;#7B2CBF;2015;NOx;Jahresmenge;t/a;270.1955107692;Ostluft & BAFU
Land- und Forstw.;Weiden;Purple;14;#C77DFF;2015;NOx;Jahresmenge;t/a;124.521378842;Ostluft & BAFU
Land- und Forstw.;Ställe;Purple;12;#3C096C;2015;NOx;Jahresmenge;t/a;47.306893671;Ostluft & BAFU
Verkehr;Strassenverkehr;Gray;15;#1A1A1A;2015;NOx;Jahresmenge;t/a;6282.185876585;Ostluft & BAFU
Verkehr;Flugverkehr;Gray;17;#E5E5E5;2015;NOx;Jahresmenge;t/a;1153.00004487;Ostluft & BAFU
Verkehr;verschiedene;Gray;16;#7F7F7F;2015;NOx;Jahresmenge;t/a;198.154908163;Ostluft & BAFU
Dienstleistungen;Feuerungen Holz und Kohle;Gold;1;#A67C00;2015;PM10;Jahresmenge;t/a;83.901905161;Ostluft & BAFU
Dienstleistungen;Feuerungen Öl und Gas;Gold;3;#FFD447;2015;PM10;Jahresmenge;t/a;2.642292001;Ostluft & BAFU
Haushalte;verschiedene;Green;5;#52796F;2015;PM10;Jahresmenge;t/a;176.328013394;Ostluft & BAFU
Haushalte;Feuerungen Holz und Kohle;Green;4;#354F52;2015;PM10;Jahresmenge;t/a;114.247450101;Ostluft & BAFU
Haushalte;Feuerungen Öl und Gas;Green;7;#CAD2C5;2015;PM10;Jahresmenge;t/a;2.6670258319999998;Ostluft & BAFU
Industrie;Baumaschinen;Blue;10;#8897BD;2015;PM10;Jahresmenge;t/a;259.308302031;Ostluft & BAFU
Industrie;verschiedene;Blue;9;#2C497F;2015;PM10;Jahresmenge;t/a;230.80379878629;Ostluft & BAFU
Industrie;Kehrichtverbrennungsanagen;Blue;11;#E3E4FA;2015;PM10;Jahresmenge;t/a;7.2771228;Ostluft & BAFU
Land- und Forstw.;verschiedene;Purple;13;#7B2CBF;2015;PM10;Jahresmenge;t/a;105.81136499667;Ostluft & BAFU
Land- und Forstw.;Ställe;Purple;12;#3C096C;2015;PM10;Jahresmenge;t/a;35.791737046;Ostluft & BAFU
Verkehr;Strassenverkehr;Gray;15;#1A1A1A;2015;PM10;Jahresmenge;t/a;490.05363504;Ostluft & BAFU
Verkehr;verschiedene;Gray;16;#7F7F7F;2015;PM10;Jahresmenge;t/a;145.507350173;Ostluft & BAFU
Verkehr;Flugverkehr;Gray;17;#E5E5E5;2015;PM10;Jahresmenge;t/a;21.000000835;Ostluft & BAFU
Dienstleistungen;Feuerungen Holz und Kohle;Gold;1;#A67C00;2015;PM2.5;Jahresmenge;t/a;79.566556916;Ostluft & BAFU
Dienstleistungen;Feuerungen Öl und Gas;Gold;3;#FFD447;2015;PM2.5;Jahresmenge;t/a;2.632142881;Ostluft & BAFU
Haushalte;verschiedene;Green;5;#52796F;2015;PM2.5;Jahresmenge;t/a;125.6093602091;Ostluft & BAFU
Haushalte;Feuerungen Holz und Kohle;Green;4;#354F52;2015;PM2.5;Jahresmenge;t/a;108.033604917;Ostluft & BAFU
Haushalte;Feuerungen Öl und Gas;Green;7;#CAD2C5;2015;PM2.5;Jahresmenge;t/a;2.6670258319999998;Ostluft & BAFU
Industrie;verschiedene;Blue;9;#2C497F;2015;PM2.5;Jahresmenge;t/a;158.97674506826;Ostluft & BAFU
Industrie;Baumaschinen;Blue;10;#8897BD;2015;PM2.5;Jahresmenge;t/a;44.338944776;Ostluft & BAFU
Industrie;Kehrichtverbrennungsanagen;Blue;11;#E3E4FA;2015;PM2.5;Jahresmenge;t/a;7.2771228;Ostluft & BAFU
Land- und Forstw.;verschiedene;Purple;13;#7B2CBF;2015;PM2.5;Jahresmenge;t/a;26.0302641423;Ostluft & BAFU
Land- und Forstw.;Ställe;Purple;12;#3C096C;2015;PM2.5;Jahresmenge;t/a;4.736606178;Ostluft & BAFU
Verkehr;Strassenverkehr;Gray;15;#1A1A1A;2015;PM2.5;Jahresmenge;t/a;220.07171485199999;Ostluft & BAFU
Verkehr;verschiedene;Gray;16;#7F7F7F;2015;PM2.5;Jahresmenge;t/a;27.017777077;Ostluft & BAFU
Verkehr;Flugverkehr;Gray;17;#E5E5E5;2015;PM2.5;Jahresmenge;t/a;21.000000835;Ostluft & BAFU
Dienstleistungen;Feuerungen Öl und Gas;Gold;3;#FFD447;2015;SO2;Jahresmenge;t/a;90.411174227;Ostluft & BAFU
Dienstleistungen;Feuerungen Holz und Kohle;Gold;1;#A67C00;2015;SO2;Jahresmenge;t/a;8.270276142;Ostluft & BAFU
Dienstleistungen;verschiedene;Gold;2;#FFBF00;2015;SO2;Jahresmenge;t/a;0.00846738618;Ostluft & BAFU
Haushalte;Feuerungen Öl und Gas;Green;7;#CAD2C5;2015;SO2;Jahresmenge;t/a;113.703632681;Ostluft & BAFU
Haushalte;Feuerungen Holz und Kohle;Green;4;#354F52;2015;SO2;Jahresmenge;t/a;19.002714536;Ostluft & BAFU
Haushalte;verschiedene;Green;5;#52796F;2015;SO2;Jahresmenge;t/a;3.71621649877;Ostluft & BAFU
Industrie;verschiedene;Blue;9;#2C497F;2015;SO2;Jahresmenge;t/a;234.1661402209839;Ostluft & BAFU
Industrie;Kehrichtverbrennungsanagen;Blue;11;#E3E4FA;2015;SO2;Jahresmenge;t/a;46.147608;Ostluft & BAFU
Industrie;Baumaschinen;Blue;10;#8897BD;2015;SO2;Jahresmenge;t/a;9.67351534;Ostluft & BAFU
Land- und Forstw.;verschiedene;Purple;13;#7B2CBF;2015;SO2;Jahresmenge;t/a;1.6733867531868;Ostluft & BAFU
Verkehr;Flugverkehr;Gray;17;#E5E5E5;2015;SO2;Jahresmenge;t/a;97.392611217;Ostluft & BAFU
Verkehr;Strassenverkehr;Gray;15;#1A1A1A;2015;SO2;Jahresmenge;t/a;9.342793934;Ostluft & BAFU
Verkehr;verschiedene;Gray;16;#7F7F7F;2015;SO2;Jahresmenge;t/a;0.27645897;Ostluft & BAFU
Dienstleistungen;Feuerungen Holz und Kohle;Gold;1;#A67C00;2015;eBC;Jahresmenge;t/a;23.12748344;Ostluft & BAFU
Dienstleistungen;Feuerungen Öl und Gas;Gold;3;#FFD447;2015;eBC;Jahresmenge;t/a;0.1074918216;Ostluft & BAFU
Haushalte;Feuerungen Holz und Kohle;Green;4;#354F52;2015;eBC;Jahresmenge;t/a;51.093036581;Ostluft & BAFU
Haushalte;verschiedene;Green;5;#52796F;2015;eBC;Jahresmenge;t/a;4.39820973977;Ostluft & BAFU
Haushalte;Feuerungen Öl und Gas;Green;7;#CAD2C5;2015;eBC;Jahresmenge;t/a;0.11262710853999998;Ostluft & BAFU
Industrie;verschiedene;Blue;9;#2C497F;2015;eBC;Jahresmenge;t/a;6.35209495148;Ostluft & BAFU
Industrie;Baumaschinen;Blue;10;#8897BD;2015;eBC;Jahresmenge;t/a;2.380498481;Ostluft & BAFU
Industrie;Kehrichtverbrennungsanagen;Blue;11;#E3E4FA;2015;eBC;Jahresmenge;t/a;0.065494106;Ostluft & BAFU
Land- und Forstw.;verschiedene;Purple;13;#7B2CBF;2015;eBC;Jahresmenge;t/a;12.114079992094;Ostluft & BAFU
Verkehr;Strassenverkehr;Gray;15;#1A1A1A;2015;eBC;Jahresmenge;t/a;60.727519091;Ostluft & BAFU
Verkehr;Flugverkehr;Gray;17;#E5E5E5;2015;eBC;Jahresmenge;t/a;6.300000241;Ostluft & BAFU
Verkehr;verschiedene;Gray;16;#7F7F7F;2015;eBC;Jahresmenge;t/a;3.9268951949999997;Ostluft & BAFU
Dienstleistungen;Feuerungen Holz und Kohle;Gold;1;#A67C00;2020;CO;Jahresmenge;t/a;1255.775154277;Ostluft & BAFU
Dienstleistungen;verschiedene;Gold;2;#FFBF00;2020;CO;Jahresmenge;t/a;810.129268186;Ostluft & BAFU
Dienstleistungen;Feuerungen Öl und Gas;Gold;3;#FFD447;2020;CO;Jahresmenge;t/a;125.479806529;Ostluft & BAFU
Haushalte;Feuerungen Holz und Kohle;Green;4;#354F52;2020;CO;Jahresmenge;t/a;2025.775194233;Ostluft & BAFU
Haushalte;verschiedene;Green;5;#52796F;2020;CO;Jahresmenge;t/a;919.849493659;Ostluft & BAFU
Haushalte;Feuerungen Öl und Gas;Green;7;#CAD2C5;2020;CO;Jahresmenge;t/a;157.101802196;Ostluft & BAFU
Industrie;verschiedene;Blue;9;#2C497F;2020;CO;Jahresmenge;t/a;1433.1400634071;Ostluft & BAFU
Industrie;Baumaschinen;Blue;10;#8897BD;2020;CO;Jahresmenge;t/a;420.291501986;Ostluft & BAFU
Industrie;Kehrichtverbrennungsanagen;Blue;11;#E3E4FA;2020;CO;Jahresmenge;t/a;63.966620052;Ostluft & BAFU
Land- und Forstw.;verschiedene;Purple;13;#7B2CBF;2020;CO;Jahresmenge;t/a;1040.052507298;Ostluft & BAFU
Verkehr;Strassenverkehr;Gray;15;#1A1A1A;2020;CO;Jahresmenge;t/a;4309.042824295;Ostluft & BAFU
Verkehr;verschiedene;Gray;16;#7F7F7F;2020;CO;Jahresmenge;t/a;3284.668725653;Ostluft & BAFU
Verkehr;Flugverkehr;Gray;17;#E5E5E5;2020;CO;Jahresmenge;t/a;544.000017649;Ostluft & BAFU
Dienstleistungen;Feuerungen Holz und Kohle;Gold;1;#A67C00;2020;NH3;Jahresmenge;t/a;4.965251458;Ostluft & BAFU
Dienstleistungen;Feuerungen Öl und Gas;Gold;3;#FFD447;2020;NH3;Jahresmenge;t/a;0.92598497849999994;Ostluft & BAFU
Dienstleistungen;verschiedene;Gold;2;#FFBF00;2020;NH3;Jahresmenge;t/a;0.002591693712;Ostluft & BAFU
Haushalte;verschiedene;Green;5;#52796F;2020;NH3;Jahresmenge;t/a;82.08535976403;Ostluft & BAFU
Haushalte;Feuerungen Holz und Kohle;Green;4;#354F52;2020;NH3;Jahresmenge;t/a;4.657890377;Ostluft & BAFU
Haushalte;Feuerungen Öl und Gas;Green;7;#CAD2C5;2020;NH3;Jahresmenge;t/a;0.01552407872399999;Ostluft & BAFU
Industrie;verschiedene;Blue;9;#2C497F;2020;NH3;Jahresmenge;t/a;80.33543962901611;Ostluft & BAFU
Industrie;Lösungsmittel;Blue;8;#293961;2020;NH3;Jahresmenge;t/a;6.246680313;Ostluft & BAFU
Industrie;Kehrichtverbrennungsanagen;Blue;11;#E3E4FA;2020;NH3;Jahresmenge;t/a;4.0867562809999995;Ostluft & BAFU
Industrie;Baumaschinen;Blue;10;#8897BD;2020;NH3;Jahresmenge;t/a;0.154986236;Ostluft & BAFU
Land- und Forstw.;Weiden;Purple;14;#C77DFF;2020;NH3;Jahresmenge;t/a;1402.738100765;Ostluft & BAFU
Land- und Forstw.;Ställe;Purple;12;#3C096C;2020;NH3;Jahresmenge;t/a;1261.434812129;Ostluft & BAFU
Land- und Forstw.;verschiedene;Purple;13;#7B2CBF;2020;NH3;Jahresmenge;t/a;207.13828036431661;Ostluft & BAFU
Verkehr;Strassenverkehr;Gray;15;#1A1A1A;2020;NH3;Jahresmenge;t/a;121.988788478;Ostluft & BAFU
Verkehr;verschiedene;Gray;16;#7F7F7F;2020;NH3;Jahresmenge;t/a;0.00476423385;Ostluft & BAFU
Dienstleistungen;Feuerungen Holz und Kohle;Gold;1;#A67C00;2020;NMVOC;Jahresmenge;t/a;91.926388937;Ostluft & BAFU
Dienstleistungen;Feuerungen Öl und Gas;Gold;3;#FFD447;2020;NMVOC;Jahresmenge;t/a;45.783742176000004;Ostluft & BAFU
Dienstleistungen;verschiedene;Gold;2;#FFBF00;2020;NMVOC;Jahresmenge;t/a;40.351917001;Ostluft & BAFU
Haushalte;Lösungsmittel;Green;6;#84A98C;2020;NMVOC;Jahresmenge;t/a;1254.386761995;Ostluft & BAFU
Haushalte;Feuerungen Holz und Kohle;Green;4;#354F52;2020;NMVOC;Jahresmenge;t/a;154.748978276;Ostluft & BAFU
Haushalte;verschiedene;Green;5;#52796F;2020;NMVOC;Jahresmenge;t/a;98.283753453;Ostluft & BAFU
Haushalte;Feuerungen Öl und Gas;Green;7;#CAD2C5;2020;NMVOC;Jahresmenge;t/a;68.978266354;Ostluft & BAFU
Industrie;Lösungsmittel;Blue;8;#293961;2020;NMVOC;Jahresmenge;t/a;5264.497795147;Ostluft & BAFU
Industrie;verschiedene;Blue;9;#2C497F;2020;NMVOC;Jahresmenge;t/a;518.84467531147;Ostluft & BAFU
Industrie;Baumaschinen;Blue;10;#8897BD;2020;NMVOC;Jahresmenge;t/a;90.01360798;Ostluft & BAFU
Industrie;Kehrichtverbrennungsanagen;Blue;11;#E3E4FA;2020;NMVOC;Jahresmenge;t/a;24.875907798;Ostluft & BAFU
Land- und Forstw.;Ställe;Purple;12;#3C096C;2020;NMVOC;Jahresmenge;t/a;937.369015056;Ostluft & BAFU
Land- und Forstw.;verschiedene;Purple;13;#7B2CBF;2020;NMVOC;Jahresmenge;t/a;190.7431477198;Ostluft & BAFU
Verkehr;verschiedene;Gray;16;#7F7F7F;2020;NMVOC;Jahresmenge;t/a;561.23266631;Ostluft & BAFU
Verkehr;Strassenverkehr;Gray;15;#1A1A1A;2020;NMVOC;Jahresmenge;t/a;395.854490382;Ostluft & BAFU
Verkehr;Flugverkehr;Gray;17;#E5E5E5;2020;NMVOC;Jahresmenge;t/a;38.289720187;Ostluft & BAFU
natürl. Emissionen;Wälder;natural;18;#636B2F;2020;NMVOC;Jahresmenge;t/a;4289.386099001;Ostluft & BAFU
Dienstleistungen;Feuerungen Öl und Gas;Gold;3;#FFD447;2020;NOx;Jahresmenge;t/a;303.92596250500003;Ostluft & BAFU
Dienstleistungen;Feuerungen Holz und Kohle;Gold;1;#A67C00;2020;NOx;Jahresmenge;t/a;228.952502377;Ostluft & BAFU
Dienstleistungen;verschiedene;Gold;2;#FFBF00;2020;NOx;Jahresmenge;t/a;5.580466276;Ostluft & BAFU
Haushalte;Feuerungen Öl und Gas;Green;7;#CAD2C5;2020;NOx;Jahresmenge;t/a;339.166450412;Ostluft & BAFU
Haushalte;Feuerungen Holz und Kohle;Green;4;#354F52;2020;NOx;Jahresmenge;t/a;143.775211618;Ostluft & BAFU
Haushalte;verschiedene;Green;5;#52796F;2020;NOx;Jahresmenge;t/a;17.669320898;Ostluft & BAFU
Industrie;verschiedene;Blue;9;#2C497F;2020;NOx;Jahresmenge;t/a;601.3076650344;Ostluft & BAFU
Industrie;Kehrichtverbrennungsanagen;Blue;11;#E3E4FA;2020;NOx;Jahresmenge;t/a;334.04790472;Ostluft & BAFU
Industrie;Baumaschinen;Blue;10;#8897BD;2020;NOx;Jahresmenge;t/a;155.879488447;Ostluft & BAFU
Land- und Forstw.;verschiedene;Purple;13;#7B2CBF;2020;NOx;Jahresmenge;t/a;213.0562670327;Ostluft & BAFU
Land- und Forstw.;Weiden;Purple;14;#C77DFF;2020;NOx;Jahresmenge;t/a;122.748752102;Ostluft & BAFU
Land- und Forstw.;Ställe;Purple;12;#3C096C;2020;NOx;Jahresmenge;t/a;45.204804736;Ostluft & BAFU
Verkehr;Strassenverkehr;Gray;15;#1A1A1A;2020;NOx;Jahresmenge;t/a;3987.885359379;Ostluft & BAFU
Verkehr;Flugverkehr;Gray;17;#E5E5E5;2020;NOx;Jahresmenge;t/a;535.000005344;Ostluft & BAFU
Verkehr;verschiedene;Gray;16;#7F7F7F;2020;NOx;Jahresmenge;t/a;158.400390904;Ostluft & BAFU
Dienstleistungen;Feuerungen Holz und Kohle;Gold;1;#A67C00;2020;PM10;Jahresmenge;t/a;72.102778005;Ostluft & BAFU
Dienstleistungen;Feuerungen Öl und Gas;Gold;3;#FFD447;2020;PM10;Jahresmenge;t/a;2.278607494;Ostluft & BAFU
Haushalte;verschiedene;Green;5;#52796F;2020;PM10;Jahresmenge;t/a;158.056819443;Ostluft & BAFU
Haushalte;Feuerungen Holz und Kohle;Green;4;#354F52;2020;PM10;Jahresmenge;t/a;85.768379158;Ostluft & BAFU
Haushalte;Feuerungen Öl und Gas;Green;7;#CAD2C5;2020;PM10;Jahresmenge;t/a;2.172986097;Ostluft & BAFU
Industrie;Baumaschinen;Blue;10;#8897BD;2020;PM10;Jahresmenge;t/a;265.887061241;Ostluft & BAFU
Industrie;verschiedene;Blue;9;#2C497F;2020;PM10;Jahresmenge;t/a;225.52530182616;Ostluft & BAFU
Industrie;Kehrichtverbrennungsanagen;Blue;11;#E3E4FA;2020;PM10;Jahresmenge;t/a;7.285087284;Ostluft & BAFU
Land- und Forstw.;verschiedene;Purple;13;#7B2CBF;2020;PM10;Jahresmenge;t/a;99.25033629033;Ostluft & BAFU
Land- und Forstw.;Ställe;Purple;12;#3C096C;2020;PM10;Jahresmenge;t/a;38.767110617;Ostluft & BAFU
Verkehr;Strassenverkehr;Gray;15;#1A1A1A;2020;PM10;Jahresmenge;t/a;431.72502115;Ostluft & BAFU
Verkehr;verschiedene;Gray;16;#7F7F7F;2020;PM10;Jahresmenge;t/a;125.183205488;Ostluft & BAFU
Verkehr;Flugverkehr;Gray;17;#E5E5E5;2020;PM10;Jahresmenge;t/a;8.000000241;Ostluft & BAFU
Dienstleistungen;Feuerungen Holz und Kohle;Gold;1;#A67C00;2020;PM2.5;Jahresmenge;t/a;67.680767419;Ostluft & BAFU
Dienstleistungen;Feuerungen Öl und Gas;Gold;3;#FFD447;2020;PM2.5;Jahresmenge;t/a;2.278607494;Ostluft & BAFU
Haushalte;verschiedene;Green;5;#52796F;2020;PM2.5;Jahresmenge;t/a;118.8344237944;Ostluft & BAFU
Haushalte;Feuerungen Holz und Kohle;Green;4;#354F52;2020;PM2.5;Jahresmenge;t/a;80.846535503;Ostluft & BAFU
Haushalte;Feuerungen Öl und Gas;Green;7;#CAD2C5;2020;PM2.5;Jahresmenge;t/a;2.172986097;Ostluft & BAFU
Industrie;verschiedene;Blue;9;#2C497F;2020;PM2.5;Jahresmenge;t/a;154.899377831907;Ostluft & BAFU
Industrie;Baumaschinen;Blue;10;#8897BD;2020;PM2.5;Jahresmenge;t/a;43.78577548;Ostluft & BAFU
Industrie;Kehrichtverbrennungsanagen;Blue;11;#E3E4FA;2020;PM2.5;Jahresmenge;t/a;7.285087284;Ostluft & BAFU
Land- und Forstw.;verschiedene;Purple;13;#7B2CBF;2020;PM2.5;Jahresmenge;t/a;20.787638070527;Ostluft & BAFU
Land- und Forstw.;Ställe;Purple;12;#3C096C;2020;PM2.5;Jahresmenge;t/a;5.019187737;Ostluft & BAFU
Verkehr;Strassenverkehr;Gray;15;#1A1A1A;2020;PM2.5;Jahresmenge;t/a;171.577067991;Ostluft & BAFU
Verkehr;verschiedene;Gray;16;#7F7F7F;2020;PM2.5;Jahresmenge;t/a;21.781450853;Ostluft & BAFU
Verkehr;Flugverkehr;Gray;17;#E5E5E5;2020;PM2.5;Jahresmenge;t/a;8.000000241;Ostluft & BAFU
Dienstleistungen;Feuerungen Öl und Gas;Gold;3;#FFD447;2020;SO2;Jahresmenge;t/a;45.567781362;Ostluft & BAFU
Dienstleistungen;Feuerungen Holz und Kohle;Gold;1;#A67C00;2020;SO2;Jahresmenge;t/a;8.3601396;Ostluft & BAFU
Dienstleistungen;verschiedene;Gold;2;#FFBF00;2020;SO2;Jahresmenge;t/a;0.00774919285;Ostluft & BAFU
Haushalte;Feuerungen Öl und Gas;Green;7;#CAD2C5;2020;SO2;Jahresmenge;t/a;51.941378786;Ostluft & BAFU
Haushalte;Feuerungen Holz und Kohle;Green;4;#354F52;2020;SO2;Jahresmenge;t/a;14.750123377;Ostluft & BAFU
Haushalte;verschiedene;Green;5;#52796F;2020;SO2;Jahresmenge;t/a;3.12360459701;Ostluft & BAFU
Industrie;verschiedene;Blue;9;#2C497F;2020;SO2;Jahresmenge;t/a;193.8096315495005;Ostluft & BAFU
Industrie;Kehrichtverbrennungsanagen;Blue;11;#E3E4FA;2020;SO2;Jahresmenge;t/a;46.198114482;Ostluft & BAFU
Industrie;Baumaschinen;Blue;10;#8897BD;2020;SO2;Jahresmenge;t/a;9.696161939;Ostluft & BAFU
Land- und Forstw.;verschiedene;Purple;13;#7B2CBF;2020;SO2;Jahresmenge;t/a;1.2054885815789;Ostluft & BAFU
Verkehr;Flugverkehr;Gray;17;#E5E5E5;2020;SO2;Jahresmenge;t/a;36.265740543;Ostluft & BAFU
Verkehr;Strassenverkehr;Gray;15;#1A1A1A;2020;SO2;Jahresmenge;t/a;8.010305958;Ostluft & BAFU
Verkehr;verschiedene;Gray;16;#7F7F7F;2020;SO2;Jahresmenge;t/a;0.22131418719999998;Ostluft & BAFU
Dienstleistungen;Feuerungen Holz und Kohle;Gold;1;#A67C00;2020;eBC;Jahresmenge;t/a;18.782723648999998;Ostluft & BAFU
Dienstleistungen;Feuerungen Öl und Gas;Gold;3;#FFD447;2020;eBC;Jahresmenge;t/a;0.09214949261000001;Ostluft & BAFU
Haushalte;Feuerungen Holz und Kohle;Green;4;#354F52;2020;eBC;Jahresmenge;t/a;39.043155254;Ostluft & BAFU
Haushalte;verschiedene;Green;5;#52796F;2020;eBC;Jahresmenge;t/a;4.44421251255;Ostluft & BAFU
Haushalte;Feuerungen Öl und Gas;Green;7;#CAD2C5;2020;eBC;Jahresmenge;t/a;0.09357061567999998;Ostluft & BAFU
Industrie;verschiedene;Blue;9;#2C497F;2020;eBC;Jahresmenge;t/a;4.981137064917;Ostluft & BAFU
Industrie;Baumaschinen;Blue;10;#8897BD;2020;eBC;Jahresmenge;t/a;2.22428274;Ostluft & BAFU
Industrie;Kehrichtverbrennungsanagen;Blue;11;#E3E4FA;2020;eBC;Jahresmenge;t/a;0.065565785;Ostluft & BAFU
Land- und Forstw.;verschiedene;Purple;13;#7B2CBF;2020;eBC;Jahresmenge;t/a;8.4556619393816;Ostluft & BAFU
Verkehr;Strassenverkehr;Gray;15;#1A1A1A;2020;eBC;Jahresmenge;t/a;31.700583656;Ostluft & BAFU
Verkehr;Flugverkehr;Gray;17;#E5E5E5;2020;eBC;Jahresmenge;t/a;2.881942992;Ostluft & BAFU
Verkehr;verschiedene;Gray;16;#7F7F7F;2020;eBC;Jahresmenge;t/a;1.8707146860000001;Ostluft & BAFU
Dienstleistungen;Feuerungen Holz und Kohle;Gold;1;#A67C00;2021;CO;Jahresmenge;t/a;1416.406717775;Ostluft & BAFU
Dienstleistungen;verschiedene;Gold;2;#FFBF00;2021;CO;Jahresmenge;t/a;803.975221522;Ostluft & BAFU
Dienstleistungen;Feuerungen Öl und Gas;Gold;3;#FFD447;2021;CO;Jahresmenge;t/a;139.938572996;Ostluft & BAFU
Haushalte;Feuerungen Holz und Kohle;Green;4;#354F52;2021;CO;Jahresmenge;t/a;2251.645951216;Ostluft & BAFU
Haushalte;verschiedene;Green;5;#52796F;2021;CO;Jahresmenge;t/a;803.379966656;Ostluft & BAFU
Haushalte;Feuerungen Öl und Gas;Green;7;#CAD2C5;2021;CO;Jahresmenge;t/a;173.880679032;Ostluft & BAFU
Industrie;verschiedene;Blue;9;#2C497F;2021;CO;Jahresmenge;t/a;1045.4848139597;Ostluft & BAFU
Industrie;Baumaschinen;Blue;10;#8897BD;2021;CO;Jahresmenge;t/a;417.590690735;Ostluft & BAFU
Industrie;Kehrichtverbrennungsanagen;Blue;11;#E3E4FA;2021;CO;Jahresmenge;t/a;56.832984;Ostluft & BAFU
Land- und Forstw.;verschiedene;Purple;13;#7B2CBF;2021;CO;Jahresmenge;t/a;1021.373455796;Ostluft & BAFU
Verkehr;Strassenverkehr;Gray;15;#1A1A1A;2021;CO;Jahresmenge;t/a;4266.53628704;Ostluft & BAFU
Verkehr;verschiedene;Gray;16;#7F7F7F;2021;CO;Jahresmenge;t/a;3374.796831415;Ostluft & BAFU
Verkehr;Flugverkehr;Gray;17;#E5E5E5;2021;CO;Jahresmenge;t/a;567.999997754;Ostluft & BAFU
Dienstleistungen;Feuerungen Holz und Kohle;Gold;1;#A67C00;2021;NH3;Jahresmenge;t/a;5.7093313939999994;Ostluft & BAFU
Dienstleistungen;Feuerungen Öl und Gas;Gold;3;#FFD447;2021;NH3;Jahresmenge;t/a;1.1736903853;Ostluft & BAFU
Dienstleistungen;verschiedene;Gold;2;#FFBF00;2021;NH3;Jahresmenge;t/a;0.002579605717;Ostluft & BAFU
Haushalte;verschiedene;Green;5;#52796F;2021;NH3;Jahresmenge;t/a;82.446124868033;Ostluft & BAFU
Haushalte;Feuerungen Holz und Kohle;Green;4;#354F52;2021;NH3;Jahresmenge;t/a;5.290998374;Ostluft & BAFU
Haushalte;Feuerungen Öl und Gas;Green;7;#CAD2C5;2021;NH3;Jahresmenge;t/a;0.017115258926;Ostluft & BAFU
Industrie;verschiedene;Blue;9;#2C497F;2021;NH3;Jahresmenge;t/a;82.7875294891263;Ostluft & BAFU
Industrie;Lösungsmittel;Blue;8;#293961;2021;NH3;Jahresmenge;t/a;7.662039926;Ostluft & BAFU
Industrie;Kehrichtverbrennungsanagen;Blue;11;#E3E4FA;2021;NH3;Jahresmenge;t/a;3.6309962000000002;Ostluft & BAFU
Industrie;Baumaschinen;Blue;10;#8897BD;2021;NH3;Jahresmenge;t/a;0.1544490985;Ostluft & BAFU
Land- und Forstw.;Weiden;Purple;14;#C77DFF;2021;NH3;Jahresmenge;t/a;1407.424622042;Ostluft & BAFU
Land- und Forstw.;Ställe;Purple;12;#3C096C;2021;NH3;Jahresmenge;t/a;1267.279398386;Ostluft & BAFU
Land- und Forstw.;verschiedene;Purple;13;#7B2CBF;2021;NH3;Jahresmenge;t/a;220.5588154306984;Ostluft & BAFU
Verkehr;Strassenverkehr;Gray;15;#1A1A1A;2021;NH3;Jahresmenge;t/a;127.908280736;Ostluft & BAFU
Verkehr;verschiedene;Gray;16;#7F7F7F;2021;NH3;Jahresmenge;t/a;0.0047620319;Ostluft & BAFU
Dienstleistungen;Feuerungen Holz und Kohle;Gold;1;#A67C00;2021;NMVOC;Jahresmenge;t/a;102.477359837;Ostluft & BAFU
Dienstleistungen;Feuerungen Öl und Gas;Gold;3;#FFD447;2021;NMVOC;Jahresmenge;t/a;52.167285266;Ostluft & BAFU
Dienstleistungen;verschiedene;Gold;2;#FFBF00;2021;NMVOC;Jahresmenge;t/a;39.389879255;Ostluft & BAFU
Haushalte;Lösungsmittel;Green;6;#84A98C;2021;NMVOC;Jahresmenge;t/a;1262.212700183;Ostluft & BAFU
Haushalte;Feuerungen Holz und Kohle;Green;4;#354F52;2021;NMVOC;Jahresmenge;t/a;170.357289061;Ostluft & BAFU
Haushalte;verschiedene;Green;5;#52796F;2021;NMVOC;Jahresmenge;t/a;80.446304526;Ostluft & BAFU
Haushalte;Feuerungen Öl und Gas;Green;7;#CAD2C5;2021;NMVOC;Jahresmenge;t/a;77.035124193;Ostluft & BAFU
Industrie;Lösungsmittel;Blue;8;#293961;2021;NMVOC;Jahresmenge;t/a;5267.442704977;Ostluft & BAFU
Industrie;verschiedene;Blue;9;#2C497F;2021;NMVOC;Jahresmenge;t/a;515.08863899299;Ostluft & BAFU
Industrie;Baumaschinen;Blue;10;#8897BD;2021;NMVOC;Jahresmenge;t/a;88.680975237;Ostluft & BAFU
Industrie;Kehrichtverbrennungsanagen;Blue;11;#E3E4FA;2021;NMVOC;Jahresmenge;t/a;22.101716;Ostluft & BAFU
Land- und Forstw.;Ställe;Purple;12;#3C096C;2021;NMVOC;Jahresmenge;t/a;941.668536947;Ostluft & BAFU
Land- und Forstw.;verschiedene;Purple;13;#7B2CBF;2021;NMVOC;Jahresmenge;t/a;193.8921005577;Ostluft & BAFU
Verkehr;verschiedene;Gray;16;#7F7F7F;2021;NMVOC;Jahresmenge;t/a;566.77613796;Ostluft & BAFU
Verkehr;Strassenverkehr;Gray;15;#1A1A1A;2021;NMVOC;Jahresmenge;t/a;396.038976376;Ostluft & BAFU
Verkehr;Flugverkehr;Gray;17;#E5E5E5;2021;NMVOC;Jahresmenge;t/a;41.665932163;Ostluft & BAFU
natürl. Emissionen;Wälder;natural;18;#636B2F;2021;NMVOC;Jahresmenge;t/a;4289.386099001;Ostluft & BAFU
Dienstleistungen;Feuerungen Öl und Gas;Gold;3;#FFD447;2021;NOx;Jahresmenge;t/a;345.95686025599997;Ostluft & BAFU
Dienstleistungen;Feuerungen Holz und Kohle;Gold;1;#A67C00;2021;NOx;Jahresmenge;t/a;265.21687572;Ostluft & BAFU
Dienstleistungen;verschiedene;Gold;2;#FFBF00;2021;NOx;Jahresmenge;t/a;5.337154993;Ostluft & BAFU
Haushalte;Feuerungen Öl und Gas;Green;7;#CAD2C5;2021;NOx;Jahresmenge;t/a;375.22031024;Ostluft & BAFU
Haushalte;Feuerungen Holz und Kohle;Green;4;#354F52;2021;NOx;Jahresmenge;t/a;165.081849658;Ostluft & BAFU
Haushalte;verschiedene;Green;5;#52796F;2021;NOx;Jahresmenge;t/a;16.070453223;Ostluft & BAFU
Industrie;verschiedene;Blue;9;#2C497F;2021;NOx;Jahresmenge;t/a;648.8297705384;Ostluft & BAFU
Industrie;Kehrichtverbrennungsanagen;Blue;11;#E3E4FA;2021;NOx;Jahresmenge;t/a;296.794472;Ostluft & BAFU
Industrie;Baumaschinen;Blue;10;#8897BD;2021;NOx;Jahresmenge;t/a;149.275908463;Ostluft & BAFU
Land- und Forstw.;verschiedene;Purple;13;#7B2CBF;2021;NOx;Jahresmenge;t/a;213.7918728678;Ostluft & BAFU
Land- und Forstw.;Weiden;Purple;14;#C77DFF;2021;NOx;Jahresmenge;t/a;123.224975266;Ostluft & BAFU
Land- und Forstw.;Ställe;Purple;12;#3C096C;2021;NOx;Jahresmenge;t/a;45.192964165;Ostluft & BAFU
Verkehr;Strassenverkehr;Gray;15;#1A1A1A;2021;NOx;Jahresmenge;t/a;3686.532896578;Ostluft & BAFU
Verkehr;Flugverkehr;Gray;17;#E5E5E5;2021;NOx;Jahresmenge;t/a;611.000007387;Ostluft & BAFU
Verkehr;verschiedene;Gray;16;#7F7F7F;2021;NOx;Jahresmenge;t/a;167.09312977;Ostluft & BAFU
Dienstleistungen;Feuerungen Holz und Kohle;Gold;1;#A67C00;2021;PM10;Jahresmenge;t/a;80.632436201;Ostluft & BAFU
Dienstleistungen;Feuerungen Öl und Gas;Gold;3;#FFD447;2021;PM10;Jahresmenge;t/a;2.576199732;Ostluft & BAFU
Haushalte;verschiedene;Green;5;#52796F;2021;PM10;Jahresmenge;t/a;133.669792141;Ostluft & BAFU
Haushalte;Feuerungen Holz und Kohle;Green;4;#354F52;2021;PM10;Jahresmenge;t/a;94.875412833;Ostluft & BAFU
Haushalte;Feuerungen Öl und Gas;Green;7;#CAD2C5;2021;PM10;Jahresmenge;t/a;2.416728181;Ostluft & BAFU
Industrie;Baumaschinen;Blue;10;#8897BD;2021;PM10;Jahresmenge;t/a;266.999200131;Ostluft & BAFU
Industrie;verschiedene;Blue;9;#2C497F;2021;PM10;Jahresmenge;t/a;227.80974527368;Ostluft & BAFU
Industrie;Kehrichtverbrennungsanagen;Blue;11;#E3E4FA;2021;PM10;Jahresmenge;t/a;6.4726454;Ostluft & BAFU
Land- und Forstw.;verschiedene;Purple;13;#7B2CBF;2021;PM10;Jahresmenge;t/a;98.70632932363;Ostluft & BAFU
Land- und Forstw.;Ställe;Purple;12;#3C096C;2021;PM10;Jahresmenge;t/a;39.315114826;Ostluft & BAFU
Verkehr;Strassenverkehr;Gray;15;#1A1A1A;2021;PM10;Jahresmenge;t/a;447.52444965300003;Ostluft & BAFU
Verkehr;verschiedene;Gray;16;#7F7F7F;2021;PM10;Jahresmenge;t/a;127.628893871;Ostluft & BAFU
Verkehr;Flugverkehr;Gray;17;#E5E5E5;2021;PM10;Jahresmenge;t/a;10.000000382;Ostluft & BAFU
Dienstleistungen;Feuerungen Holz und Kohle;Gold;1;#A67C00;2021;PM2.5;Jahresmenge;t/a;75.720466389;Ostluft & BAFU
Dienstleistungen;Feuerungen Öl und Gas;Gold;3;#FFD447;2021;PM2.5;Jahresmenge;t/a;2.576199732;Ostluft & BAFU
Haushalte;verschiedene;Green;5;#52796F;2021;PM2.5;Jahresmenge;t/a;92.3464612058;Ostluft & BAFU
Haushalte;Feuerungen Holz und Kohle;Green;4;#354F52;2021;PM2.5;Jahresmenge;t/a;89.444832789;Ostluft & BAFU
Haushalte;Feuerungen Öl und Gas;Green;7;#CAD2C5;2021;PM2.5;Jahresmenge;t/a;2.416728181;Ostluft & BAFU
Industrie;verschiedene;Blue;9;#2C497F;2021;PM2.5;Jahresmenge;t/a;156.09762949454;Ostluft & BAFU
Industrie;Baumaschinen;Blue;10;#8897BD;2021;PM2.5;Jahresmenge;t/a;43.695227021;Ostluft & BAFU
Industrie;Kehrichtverbrennungsanagen;Blue;11;#E3E4FA;2021;PM2.5;Jahresmenge;t/a;6.4726454;Ostluft & BAFU
Land- und Forstw.;verschiedene;Purple;13;#7B2CBF;2021;PM2.5;Jahresmenge;t/a;20.150860581603;Ostluft & BAFU
Land- und Forstw.;Ställe;Purple;12;#3C096C;2021;PM2.5;Jahresmenge;t/a;5.06114512;Ostluft & BAFU
Verkehr;Strassenverkehr;Gray;15;#1A1A1A;2021;PM2.5;Jahresmenge;t/a;175.529648694;Ostluft & BAFU
Verkehr;verschiedene;Gray;16;#7F7F7F;2021;PM2.5;Jahresmenge;t/a;21.876864023;Ostluft & BAFU
Verkehr;Flugverkehr;Gray;17;#E5E5E5;2021;PM2.5;Jahresmenge;t/a;10.000000382;Ostluft & BAFU
Dienstleistungen;Feuerungen Öl und Gas;Gold;3;#FFD447;2021;SO2;Jahresmenge;t/a;45.971081874;Ostluft & BAFU
Dienstleistungen;Feuerungen Holz und Kohle;Gold;1;#A67C00;2021;SO2;Jahresmenge;t/a;9.667168702;Ostluft & BAFU
Dienstleistungen;verschiedene;Gold;2;#FFBF00;2021;SO2;Jahresmenge;t/a;0.00770780418;Ostluft & BAFU
Haushalte;Feuerungen Öl und Gas;Green;7;#CAD2C5;2021;SO2;Jahresmenge;t/a;50.276260709;Ostluft & BAFU
Haushalte;Feuerungen Holz und Kohle;Green;4;#354F52;2021;SO2;Jahresmenge;t/a;16.467940359;Ostluft & BAFU
Haushalte;verschiedene;Green;5;#52796F;2021;SO2;Jahresmenge;t/a;2.8757583536399998;Ostluft & BAFU
Industrie;verschiedene;Blue;9;#2C497F;2021;SO2;Jahresmenge;t/a;176.0712129736119;Ostluft & BAFU
Industrie;Kehrichtverbrennungsanagen;Blue;11;#E3E4FA;2021;SO2;Jahresmenge;t/a;41.046043999999995;Ostluft & BAFU
Industrie;Baumaschinen;Blue;10;#8897BD;2021;SO2;Jahresmenge;t/a;9.791852012;Ostluft & BAFU
Land- und Forstw.;verschiedene;Purple;13;#7B2CBF;2021;SO2;Jahresmenge;t/a;1.2562489796396;Ostluft & BAFU
Verkehr;Flugverkehr;Gray;17;#E5E5E5;2021;SO2;Jahresmenge;t/a;41.555881499;Ostluft & BAFU
Verkehr;Strassenverkehr;Gray;15;#1A1A1A;2021;SO2;Jahresmenge;t/a;8.242633355;Ostluft & BAFU
Verkehr;verschiedene;Gray;16;#7F7F7F;2021;SO2;Jahresmenge;t/a;0.2286643372;Ostluft & BAFU
Dienstleistungen;Feuerungen Holz und Kohle;Gold;1;#A67C00;2021;eBC;Jahresmenge;t/a;20.751774637;Ostluft & BAFU
Dienstleistungen;Feuerungen Öl und Gas;Gold;3;#FFD447;2021;eBC;Jahresmenge;t/a;0.10383341174;Ostluft & BAFU
Haushalte;Feuerungen Holz und Kohle;Green;4;#354F52;2021;eBC;Jahresmenge;t/a;42.825092849;Ostluft & BAFU
Haushalte;verschiedene;Green;5;#52796F;2021;eBC;Jahresmenge;t/a;2.64217241552;Ostluft & BAFU
Haushalte;Feuerungen Öl und Gas;Green;7;#CAD2C5;2021;eBC;Jahresmenge;t/a;0.10419369787;Ostluft & BAFU
Industrie;verschiedene;Blue;9;#2C497F;2021;eBC;Jahresmenge;t/a;4.621968139979;Ostluft & BAFU
Industrie;Baumaschinen;Blue;10;#8897BD;2021;eBC;Jahresmenge;t/a;1.913885348;Ostluft & BAFU
Industrie;Kehrichtverbrennungsanagen;Blue;11;#E3E4FA;2021;eBC;Jahresmenge;t/a;0.058253808;Ostluft & BAFU
Land- und Forstw.;verschiedene;Purple;13;#7B2CBF;2021;eBC;Jahresmenge;t/a;7.8809238700698;Ostluft & BAFU
Verkehr;Strassenverkehr;Gray;15;#1A1A1A;2021;eBC;Jahresmenge;t/a;29.583287361;Ostluft & BAFU
Verkehr;Flugverkehr;Gray;17;#E5E5E5;2021;eBC;Jahresmenge;t/a;3.74755708;Ostluft & BAFU
Verkehr;verschiedene;Gray;16;#7F7F7F;2021;eBC;Jahresmenge;t/a;1.577636183;Ostluft & BAFU
