year;site;site_long;source;siteclass;ecosystem_category;critical_load_min;critical_load_single;critical_load_max;parameter;unit;value;estimate
2001;BA;Hinwil-Bachtel Sennenberg;Ostluft;hoch;Trockenrasen;15;15;25;aus NOx-Quellen;kg-N/ha/a;7.108092928;NA
2001;BA;Hinwil-Bachtel Sennenberg;Ostluft;hoch;Trockenrasen;15;15;25;aus NH3-Quellen;kg-N/ha/a;16.627215921;NA
2001;BA;Hinwil-Bachtel Sennenberg;Ostluft;hoch;Trockenrasen;15;15;25;N-Deposition;kg-N/ha/a;23.73530885;geschätzt
2001;BA;Hinwil-Bachtel Sennenberg;Ostluft;hoch;Wald;5;10;20;aus NOx-Quellen;kg-N/ha/a;8.587945816;NA
2001;BA;Hinwil-Bachtel Sennenberg;Ostluft;hoch;Wald;5;10;20;aus NH3-Quellen;kg-N/ha/a;26.501188311;NA
2001;BA;Hinwil-Bachtel Sennenberg;Ostluft;hoch;Wald;5;10;20;N-Deposition;kg-N/ha/a;35.08913413;geschätzt
2002;BA;Hinwil-Bachtel Sennenberg;Ostluft;hoch;Trockenrasen;15;15;25;aus NOx-Quellen;kg-N/ha/a;7.253794452;NA
2002;BA;Hinwil-Bachtel Sennenberg;Ostluft;hoch;Trockenrasen;15;15;25;aus NH3-Quellen;kg-N/ha/a;17.661686992;NA
2002;BA;Hinwil-Bachtel Sennenberg;Ostluft;hoch;Trockenrasen;15;15;25;N-Deposition;kg-N/ha/a;24.91548144;geschätzt
2002;BA;Hinwil-Bachtel Sennenberg;Ostluft;hoch;Wald;5;10;20;aus NOx-Quellen;kg-N/ha/a;8.546210279;NA
2002;BA;Hinwil-Bachtel Sennenberg;Ostluft;hoch;Wald;5;10;20;aus NH3-Quellen;kg-N/ha/a;26.992942410999998;NA
2002;BA;Hinwil-Bachtel Sennenberg;Ostluft;hoch;Wald;5;10;20;N-Deposition;kg-N/ha/a;35.53915269;geschätzt
2003;BA;Hinwil-Bachtel Sennenberg;Ostluft;hoch;Trockenrasen;15;15;25;aus NOx-Quellen;kg-N/ha/a;6.920150188;NA
2003;BA;Hinwil-Bachtel Sennenberg;Ostluft;hoch;Trockenrasen;15;15;25;aus NH3-Quellen;kg-N/ha/a;16.735532469;NA
2003;BA;Hinwil-Bachtel Sennenberg;Ostluft;hoch;Trockenrasen;15;15;25;N-Deposition;kg-N/ha/a;23.65568266;geschätzt
2003;BA;Hinwil-Bachtel Sennenberg;Ostluft;hoch;Wald;5;10;20;aus NOx-Quellen;kg-N/ha/a;8.502958029;NA
2003;BA;Hinwil-Bachtel Sennenberg;Ostluft;hoch;Wald;5;10;20;aus NH3-Quellen;kg-N/ha/a;26.723804288;NA
2003;BA;Hinwil-Bachtel Sennenberg;Ostluft;hoch;Wald;5;10;20;N-Deposition;kg-N/ha/a;35.22676232;geschätzt
2004;BA;Hinwil-Bachtel Sennenberg;Ostluft;hoch;Trockenrasen;15;15;25;aus NOx-Quellen;kg-N/ha/a;7.025132536;NA
2004;BA;Hinwil-Bachtel Sennenberg;Ostluft;hoch;Trockenrasen;15;15;25;aus NH3-Quellen;kg-N/ha/a;13.943260624;NA
2004;BA;Hinwil-Bachtel Sennenberg;Ostluft;hoch;Trockenrasen;15;15;25;N-Deposition;kg-N/ha/a;20.96839316;gemessen
2004;BA;Hinwil-Bachtel Sennenberg;Ostluft;hoch;Wald;5;10;20;aus NOx-Quellen;kg-N/ha/a;8.398768873;NA
2004;BA;Hinwil-Bachtel Sennenberg;Ostluft;hoch;Wald;5;10;20;aus NH3-Quellen;kg-N/ha/a;20.792276893;NA
2004;BA;Hinwil-Bachtel Sennenberg;Ostluft;hoch;Wald;5;10;20;N-Deposition;kg-N/ha/a;29.19104576;gemessen
2005;BA;Hinwil-Bachtel Sennenberg;Ostluft;hoch;Trockenrasen;15;15;25;aus NOx-Quellen;kg-N/ha/a;7.548995528;NA
2005;BA;Hinwil-Bachtel Sennenberg;Ostluft;hoch;Trockenrasen;15;15;25;aus NH3-Quellen;kg-N/ha/a;15.022971672;NA
2005;BA;Hinwil-Bachtel Sennenberg;Ostluft;hoch;Trockenrasen;15;15;25;N-Deposition;kg-N/ha/a;22.5719672;gemessen
2005;BA;Hinwil-Bachtel Sennenberg;Ostluft;hoch;Wald;5;10;20;aus NOx-Quellen;kg-N/ha/a;8.913382918;NA
2005;BA;Hinwil-Bachtel Sennenberg;Ostluft;hoch;Wald;5;10;20;aus NH3-Quellen;kg-N/ha/a;21.960110687;NA
2005;BA;Hinwil-Bachtel Sennenberg;Ostluft;hoch;Wald;5;10;20;N-Deposition;kg-N/ha/a;30.8734936;gemessen
2006;BA;Hinwil-Bachtel Sennenberg;Ostluft;hoch;Trockenrasen;15;15;25;aus NOx-Quellen;kg-N/ha/a;8.048167755;NA
2006;BA;Hinwil-Bachtel Sennenberg;Ostluft;hoch;Trockenrasen;15;15;25;aus NH3-Quellen;kg-N/ha/a;18.516759222999998;NA
2006;BA;Hinwil-Bachtel Sennenberg;Ostluft;hoch;Trockenrasen;15;15;25;N-Deposition;kg-N/ha/a;26.56492698;gemessen
2006;BA;Hinwil-Bachtel Sennenberg;Ostluft;hoch;Wald;5;10;20;aus NOx-Quellen;kg-N/ha/a;9.494996633;NA
2006;BA;Hinwil-Bachtel Sennenberg;Ostluft;hoch;Wald;5;10;20;aus NH3-Quellen;kg-N/ha/a;28.479555611;NA
2006;BA;Hinwil-Bachtel Sennenberg;Ostluft;hoch;Wald;5;10;20;N-Deposition;kg-N/ha/a;37.97455224;gemessen
2007;BA;Hinwil-Bachtel Sennenberg;Ostluft;hoch;Trockenrasen;15;15;25;aus NOx-Quellen;kg-N/ha/a;6.903831433;NA
2007;BA;Hinwil-Bachtel Sennenberg;Ostluft;hoch;Trockenrasen;15;15;25;aus NH3-Quellen;kg-N/ha/a;14.936159137999999;NA
2007;BA;Hinwil-Bachtel Sennenberg;Ostluft;hoch;Trockenrasen;15;15;25;N-Deposition;kg-N/ha/a;21.83999057;gemessen
2007;BA;Hinwil-Bachtel Sennenberg;Ostluft;hoch;Wald;5;10;20;aus NOx-Quellen;kg-N/ha/a;8.300701362;NA
2007;BA;Hinwil-Bachtel Sennenberg;Ostluft;hoch;Wald;5;10;20;aus NH3-Quellen;kg-N/ha/a;23.466592975;NA
2007;BA;Hinwil-Bachtel Sennenberg;Ostluft;hoch;Wald;5;10;20;N-Deposition;kg-N/ha/a;31.76729434;gemessen
2008;BA;Hinwil-Bachtel Sennenberg;Ostluft;hoch;Trockenrasen;15;15;25;aus NOx-Quellen;kg-N/ha/a;7.003830327;NA
2008;BA;Hinwil-Bachtel Sennenberg;Ostluft;hoch;Trockenrasen;15;15;25;aus NH3-Quellen;kg-N/ha/a;12.561062861;NA
2008;BA;Hinwil-Bachtel Sennenberg;Ostluft;hoch;Trockenrasen;15;15;25;N-Deposition;kg-N/ha/a;19.56489319;gemessen
2008;BA;Hinwil-Bachtel Sennenberg;Ostluft;hoch;Wald;5;10;20;aus NOx-Quellen;kg-N/ha/a;8.4922813089999991;NA
2008;BA;Hinwil-Bachtel Sennenberg;Ostluft;hoch;Wald;5;10;20;aus NH3-Quellen;kg-N/ha/a;19.474052141999998;NA
2008;BA;Hinwil-Bachtel Sennenberg;Ostluft;hoch;Wald;5;10;20;N-Deposition;kg-N/ha/a;27.96633345;gemessen
2009;BA;Hinwil-Bachtel Sennenberg;Ostluft;hoch;Trockenrasen;15;15;25;aus NOx-Quellen;kg-N/ha/a;7.137177637000001;NA
2009;BA;Hinwil-Bachtel Sennenberg;Ostluft;hoch;Trockenrasen;15;15;25;aus NH3-Quellen;kg-N/ha/a;15.74687839;NA
2009;BA;Hinwil-Bachtel Sennenberg;Ostluft;hoch;Trockenrasen;15;15;25;N-Deposition;kg-N/ha/a;22.88405603;gemessen
2009;BA;Hinwil-Bachtel Sennenberg;Ostluft;hoch;Wald;5;10;20;aus NOx-Quellen;kg-N/ha/a;8.50983168;NA
2009;BA;Hinwil-Bachtel Sennenberg;Ostluft;hoch;Wald;5;10;20;aus NH3-Quellen;kg-N/ha/a;24.736022697;NA
2009;BA;Hinwil-Bachtel Sennenberg;Ostluft;hoch;Wald;5;10;20;N-Deposition;kg-N/ha/a;33.245854370000004;gemessen
2010;BA;Hinwil-Bachtel Sennenberg;Ostluft;hoch;Trockenrasen;15;15;25;aus NOx-Quellen;kg-N/ha/a;7.2737993240000005;NA
2010;BA;Hinwil-Bachtel Sennenberg;Ostluft;hoch;Trockenrasen;15;15;25;aus NH3-Quellen;kg-N/ha/a;13.320279487;NA
2010;BA;Hinwil-Bachtel Sennenberg;Ostluft;hoch;Trockenrasen;15;15;25;N-Deposition;kg-N/ha/a;20.59407881;gemessen
2010;BA;Hinwil-Bachtel Sennenberg;Ostluft;hoch;Wald;5;10;20;aus NOx-Quellen;kg-N/ha/a;8.735088499;NA
2010;BA;Hinwil-Bachtel Sennenberg;Ostluft;hoch;Wald;5;10;20;aus NH3-Quellen;kg-N/ha/a;21.299259903;NA
2010;BA;Hinwil-Bachtel Sennenberg;Ostluft;hoch;Wald;5;10;20;N-Deposition;kg-N/ha/a;30.0343484;gemessen
2011;BA;Hinwil-Bachtel Sennenberg;Ostluft;hoch;Trockenrasen;15;15;25;aus NOx-Quellen;kg-N/ha/a;6.671130229;NA
2011;BA;Hinwil-Bachtel Sennenberg;Ostluft;hoch;Trockenrasen;15;15;25;aus NH3-Quellen;kg-N/ha/a;14.387985767;NA
2011;BA;Hinwil-Bachtel Sennenberg;Ostluft;hoch;Trockenrasen;15;15;25;N-Deposition;kg-N/ha/a;21.059116;gemessen
2011;BA;Hinwil-Bachtel Sennenberg;Ostluft;hoch;Wald;5;10;20;aus NOx-Quellen;kg-N/ha/a;8.169535448;NA
2011;BA;Hinwil-Bachtel Sennenberg;Ostluft;hoch;Wald;5;10;20;aus NH3-Quellen;kg-N/ha/a;23.683404171;NA
2011;BA;Hinwil-Bachtel Sennenberg;Ostluft;hoch;Wald;5;10;20;N-Deposition;kg-N/ha/a;31.85293962;gemessen
2012;BA;Hinwil-Bachtel Sennenberg;Ostluft;hoch;Trockenrasen;15;15;25;aus NOx-Quellen;kg-N/ha/a;7.400164453;NA
2012;BA;Hinwil-Bachtel Sennenberg;Ostluft;hoch;Trockenrasen;15;15;25;aus NH3-Quellen;kg-N/ha/a;13.638891486;NA
2012;BA;Hinwil-Bachtel Sennenberg;Ostluft;hoch;Trockenrasen;15;15;25;N-Deposition;kg-N/ha/a;21.03905594;gemessen
2012;BA;Hinwil-Bachtel Sennenberg;Ostluft;hoch;Wald;5;10;20;aus NOx-Quellen;kg-N/ha/a;8.747928979000001;NA
2012;BA;Hinwil-Bachtel Sennenberg;Ostluft;hoch;Wald;5;10;20;aus NH3-Quellen;kg-N/ha/a;21.478120187000002;NA
2012;BA;Hinwil-Bachtel Sennenberg;Ostluft;hoch;Wald;5;10;20;N-Deposition;kg-N/ha/a;30.22604916;gemessen
2013;BA;Hinwil-Bachtel Sennenberg;Ostluft;hoch;Trockenrasen;15;15;25;aus NOx-Quellen;kg-N/ha/a;7.767668941;NA
2013;BA;Hinwil-Bachtel Sennenberg;Ostluft;hoch;Trockenrasen;15;15;25;aus NH3-Quellen;kg-N/ha/a;13.398425537;NA
2013;BA;Hinwil-Bachtel Sennenberg;Ostluft;hoch;Trockenrasen;15;15;25;N-Deposition;kg-N/ha/a;21.16609448;gemessen
2013;BA;Hinwil-Bachtel Sennenberg;Ostluft;hoch;Wald;5;10;20;aus NOx-Quellen;kg-N/ha/a;9.273327588;NA
2013;BA;Hinwil-Bachtel Sennenberg;Ostluft;hoch;Wald;5;10;20;aus NH3-Quellen;kg-N/ha/a;20.585264261;NA
2013;BA;Hinwil-Bachtel Sennenberg;Ostluft;hoch;Wald;5;10;20;N-Deposition;kg-N/ha/a;29.85859185;gemessen
2014;BA;Hinwil-Bachtel Sennenberg;Ostluft;hoch;Trockenrasen;15;15;25;aus NOx-Quellen;kg-N/ha/a;6.612183089;NA
2014;BA;Hinwil-Bachtel Sennenberg;Ostluft;hoch;Trockenrasen;15;15;25;aus NH3-Quellen;kg-N/ha/a;14.635644942;NA
2014;BA;Hinwil-Bachtel Sennenberg;Ostluft;hoch;Trockenrasen;15;15;25;N-Deposition;kg-N/ha/a;21.24782803;gemessen
2014;BA;Hinwil-Bachtel Sennenberg;Ostluft;hoch;Wald;5;10;20;aus NOx-Quellen;kg-N/ha/a;7.941082661;NA
2014;BA;Hinwil-Bachtel Sennenberg;Ostluft;hoch;Wald;5;10;20;aus NH3-Quellen;kg-N/ha/a;23.684067017;NA
2014;BA;Hinwil-Bachtel Sennenberg;Ostluft;hoch;Wald;5;10;20;N-Deposition;kg-N/ha/a;31.62514968;gemessen
2015;BA;Hinwil-Bachtel Sennenberg;Ostluft;hoch;Trockenrasen;15;15;25;aus NOx-Quellen;kg-N/ha/a;5.810171002;NA
2015;BA;Hinwil-Bachtel Sennenberg;Ostluft;hoch;Trockenrasen;15;15;25;aus NH3-Quellen;kg-N/ha/a;12.944468749;NA
2015;BA;Hinwil-Bachtel Sennenberg;Ostluft;hoch;Trockenrasen;15;15;25;N-Deposition;kg-N/ha/a;18.75463975;gemessen
2015;BA;Hinwil-Bachtel Sennenberg;Ostluft;hoch;Wald;5;10;20;aus NOx-Quellen;kg-N/ha/a;7.1081931659999995;NA
2015;BA;Hinwil-Bachtel Sennenberg;Ostluft;hoch;Wald;5;10;20;aus NH3-Quellen;kg-N/ha/a;21.510050354;NA
2015;BA;Hinwil-Bachtel Sennenberg;Ostluft;hoch;Wald;5;10;20;N-Deposition;kg-N/ha/a;28.61824351;gemessen
2016;BA;Hinwil-Bachtel Sennenberg;Ostluft;hoch;Trockenrasen;15;15;25;aus NOx-Quellen;kg-N/ha/a;6.594544774;NA
2016;BA;Hinwil-Bachtel Sennenberg;Ostluft;hoch;Trockenrasen;15;15;25;aus NH3-Quellen;kg-N/ha/a;13.443287035000001;NA
2016;BA;Hinwil-Bachtel Sennenberg;Ostluft;hoch;Trockenrasen;15;15;25;N-Deposition;kg-N/ha/a;20.03783181;gemessen
2016;BA;Hinwil-Bachtel Sennenberg;Ostluft;hoch;Wald;5;10;20;aus NOx-Quellen;kg-N/ha/a;7.819195532;NA
2016;BA;Hinwil-Bachtel Sennenberg;Ostluft;hoch;Wald;5;10;20;aus NH3-Quellen;kg-N/ha/a;21.10630338;NA
2016;BA;Hinwil-Bachtel Sennenberg;Ostluft;hoch;Wald;5;10;20;N-Deposition;kg-N/ha/a;28.92549891;gemessen
2017;BA;Hinwil-Bachtel Sennenberg;Ostluft;hoch;Trockenrasen;15;15;25;aus NOx-Quellen;kg-N/ha/a;7.0450440620000006;NA
2017;BA;Hinwil-Bachtel Sennenberg;Ostluft;hoch;Trockenrasen;15;15;25;aus NH3-Quellen;kg-N/ha/a;14.887774009;NA
2017;BA;Hinwil-Bachtel Sennenberg;Ostluft;hoch;Trockenrasen;15;15;25;N-Deposition;kg-N/ha/a;21.93281807;gemessen
2017;BA;Hinwil-Bachtel Sennenberg;Ostluft;hoch;Wald;5;10;20;aus NOx-Quellen;kg-N/ha/a;8.261950681;NA
2017;BA;Hinwil-Bachtel Sennenberg;Ostluft;hoch;Wald;5;10;20;aus NH3-Quellen;kg-N/ha/a;23.402912354999998;NA
2017;BA;Hinwil-Bachtel Sennenberg;Ostluft;hoch;Wald;5;10;20;N-Deposition;kg-N/ha/a;31.66486304;gemessen
2018;BA;Hinwil-Bachtel Sennenberg;Ostluft;hoch;Trockenrasen;15;15;25;aus NOx-Quellen;kg-N/ha/a;5.464717528;NA
2018;BA;Hinwil-Bachtel Sennenberg;Ostluft;hoch;Trockenrasen;15;15;25;aus NH3-Quellen;kg-N/ha/a;17.741991384;NA
2018;BA;Hinwil-Bachtel Sennenberg;Ostluft;hoch;Trockenrasen;15;15;25;N-Deposition;kg-N/ha/a;23.20670892;gemessen
2018;BA;Hinwil-Bachtel Sennenberg;Ostluft;hoch;Wald;5;10;20;aus NOx-Quellen;kg-N/ha/a;6.737716464;NA
2018;BA;Hinwil-Bachtel Sennenberg;Ostluft;hoch;Wald;5;10;20;aus NH3-Quellen;kg-N/ha/a;30.591148217999997;NA
2018;BA;Hinwil-Bachtel Sennenberg;Ostluft;hoch;Wald;5;10;20;N-Deposition;kg-N/ha/a;37.32886468;gemessen
2019;AEG;Knonau-Ägelsee;Ostluft;hoch;Hochmoor;5;5;10;aus NOx-Quellen;kg-N/ha/a;5.147228262;NA
2019;AEG;Knonau-Ägelsee;Ostluft;hoch;Hochmoor;5;5;10;aus NH3-Quellen;kg-N/ha/a;15.972867682;NA
2019;AEG;Knonau-Ägelsee;Ostluft;hoch;Hochmoor;5;5;10;N-Deposition;kg-N/ha/a;21.12009595;gemessen
2019;AEG;Knonau-Ägelsee;Ostluft;hoch;Wald;5;10;20;aus NOx-Quellen;kg-N/ha/a;7.212614480999999;NA
2019;AEG;Knonau-Ägelsee;Ostluft;hoch;Wald;5;10;20;aus NH3-Quellen;kg-N/ha/a;19.636523960999998;NA
2019;AEG;Knonau-Ägelsee;Ostluft;hoch;Wald;5;10;20;N-Deposition;kg-N/ha/a;26.84913845;gemessen
2019;BA;Hinwil-Bachtel Sennenberg;Ostluft;hoch;Trockenrasen;15;15;25;aus NOx-Quellen;kg-N/ha/a;5.51014807;NA
2019;BA;Hinwil-Bachtel Sennenberg;Ostluft;hoch;Trockenrasen;15;15;25;aus NH3-Quellen;kg-N/ha/a;16.694874335999998;NA
2019;BA;Hinwil-Bachtel Sennenberg;Ostluft;hoch;Trockenrasen;15;15;25;N-Deposition;kg-N/ha/a;22.20502241;gemessen
2019;BA;Hinwil-Bachtel Sennenberg;Ostluft;hoch;Wald;5;10;20;aus NOx-Quellen;kg-N/ha/a;6.603465764;NA
2019;BA;Hinwil-Bachtel Sennenberg;Ostluft;hoch;Wald;5;10;20;aus NH3-Quellen;kg-N/ha/a;27.905847553999998;NA
2019;BA;Hinwil-Bachtel Sennenberg;Ostluft;hoch;Wald;5;10;20;N-Deposition;kg-N/ha/a;34.50931332;gemessen
2019;TAB;Tablat-Risihölzli;Ostluft;mittel;Trockenrasen;15;15;25;aus NOx-Quellen;kg-N/ha/a;5.156721989;NA
2019;TAB;Tablat-Risihölzli;Ostluft;mittel;Trockenrasen;15;15;25;aus NH3-Quellen;kg-N/ha/a;12.471131434;NA
2019;TAB;Tablat-Risihölzli;Ostluft;mittel;Trockenrasen;15;15;25;N-Deposition;kg-N/ha/a;17.62785342;gemessen
2019;TAB;Tablat-Risihölzli;Ostluft;mittel;Wald;5;10;20;aus NOx-Quellen;kg-N/ha/a;6.634431331;NA
2019;TAB;Tablat-Risihölzli;Ostluft;mittel;Wald;5;10;20;aus NH3-Quellen;kg-N/ha/a;20.246934078;NA
2019;TAB;Tablat-Risihölzli;Ostluft;mittel;Wald;5;10;20;N-Deposition;kg-N/ha/a;26.88136541;gemessen
2020;AEG;Knonau-Ägelsee;Ostluft;hoch;Hochmoor;5;5;10;aus NOx-Quellen;kg-N/ha/a;4.955512359;NA
2020;AEG;Knonau-Ägelsee;Ostluft;hoch;Hochmoor;5;5;10;aus NH3-Quellen;kg-N/ha/a;18.987390665;NA
2020;AEG;Knonau-Ägelsee;Ostluft;hoch;Hochmoor;5;5;10;N-Deposition;kg-N/ha/a;23.94290303;geschätzt
2020;AEG;Knonau-Ägelsee;Ostluft;hoch;Wald;5;10;20;aus NOx-Quellen;kg-N/ha/a;7.074133848;NA
2020;AEG;Knonau-Ägelsee;Ostluft;hoch;Wald;5;10;20;aus NH3-Quellen;kg-N/ha/a;23.173696487;NA
2020;AEG;Knonau-Ägelsee;Ostluft;hoch;Wald;5;10;20;N-Deposition;kg-N/ha/a;30.24783033;geschätzt
2020;BA;Hinwil-Bachtel Sennenberg;Ostluft;hoch;Trockenrasen;15;15;25;aus NOx-Quellen;kg-N/ha/a;4.379869707999999;NA
2020;BA;Hinwil-Bachtel Sennenberg;Ostluft;hoch;Trockenrasen;15;15;25;aus NH3-Quellen;kg-N/ha/a;14.286637425;NA
2020;BA;Hinwil-Bachtel Sennenberg;Ostluft;hoch;Trockenrasen;15;15;25;N-Deposition;kg-N/ha/a;18.66650713;geschätzt
2020;BA;Hinwil-Bachtel Sennenberg;Ostluft;hoch;Wald;5;10;20;aus NOx-Quellen;kg-N/ha/a;5.2930439389999995;NA
2020;BA;Hinwil-Bachtel Sennenberg;Ostluft;hoch;Wald;5;10;20;aus NH3-Quellen;kg-N/ha/a;23.951188803999997;NA
2020;BA;Hinwil-Bachtel Sennenberg;Ostluft;hoch;Wald;5;10;20;N-Deposition;kg-N/ha/a;29.24423274;geschätzt
2020;TAB;Tablat-Risihölzli;Ostluft;mittel;Trockenrasen;15;15;25;aus NOx-Quellen;kg-N/ha/a;4.858442971;NA
2020;TAB;Tablat-Risihölzli;Ostluft;mittel;Trockenrasen;15;15;25;aus NH3-Quellen;kg-N/ha/a;12.443610550999999;NA
2020;TAB;Tablat-Risihölzli;Ostluft;mittel;Trockenrasen;15;15;25;N-Deposition;kg-N/ha/a;17.30205352;geschätzt
2020;TAB;Tablat-Risihölzli;Ostluft;mittel;Wald;5;10;20;aus NOx-Quellen;kg-N/ha/a;6.6721478020000005;NA
2020;TAB;Tablat-Risihölzli;Ostluft;mittel;Wald;5;10;20;aus NH3-Quellen;kg-N/ha/a;20.616452892999998;NA
2020;TAB;Tablat-Risihölzli;Ostluft;mittel;Wald;5;10;20;N-Deposition;kg-N/ha/a;27.2886007;geschätzt
2021;BA;Hinwil-Bachtel Sennenberg;Ostluft;hoch;Trockenrasen;15;15;25;aus NOx-Quellen;kg-N/ha/a;4.543817761000001;NA
2021;BA;Hinwil-Bachtel Sennenberg;Ostluft;hoch;Trockenrasen;15;15;25;aus NH3-Quellen;kg-N/ha/a;12.672709023;NA
2021;BA;Hinwil-Bachtel Sennenberg;Ostluft;hoch;Trockenrasen;15;15;25;N-Deposition;kg-N/ha/a;17.21652678;gemessen
2021;BA;Hinwil-Bachtel Sennenberg;Ostluft;hoch;Wald;5;10;20;aus NOx-Quellen;kg-N/ha/a;5.503454389;NA
2021;BA;Hinwil-Bachtel Sennenberg;Ostluft;hoch;Wald;5;10;20;aus NH3-Quellen;kg-N/ha/a;20.439211109000002;NA
2021;BA;Hinwil-Bachtel Sennenberg;Ostluft;hoch;Wald;5;10;20;N-Deposition;kg-N/ha/a;25.9426655;gemessen
2021;NET;Neerach-Turpenlöcher;Ostluft;mittel;Flachmoor;15;15;30;aus NOx-Quellen;kg-N/ha/a;5.444578218;NA
2021;NET;Neerach-Turpenlöcher;Ostluft;mittel;Flachmoor;15;15;30;aus NH3-Quellen;kg-N/ha/a;18.315783025000002;NA
2021;NET;Neerach-Turpenlöcher;Ostluft;mittel;Flachmoor;15;15;30;N-Deposition;kg-N/ha/a;23.76036124;geschätzt
2021;OSD;Ossingen-Dachsenhuserriet;Ostluft;mittel;Flachmoor;15;15;25;aus NOx-Quellen;kg-N/ha/a;5.135216847;NA
2021;OSD;Ossingen-Dachsenhuserriet;Ostluft;mittel;Flachmoor;15;15;25;aus NH3-Quellen;kg-N/ha/a;14.596189676;NA
2021;OSD;Ossingen-Dachsenhuserriet;Ostluft;mittel;Flachmoor;15;15;25;N-Deposition;kg-N/ha/a;19.73140652;geschätzt
2021;OSD;Ossingen-Dachsenhuserriet;Ostluft;mittel;Wald;5;10;20;aus NOx-Quellen;kg-N/ha/a;7.394963441;NA
2021;OSD;Ossingen-Dachsenhuserriet;Ostluft;mittel;Wald;5;10;20;aus NH3-Quellen;kg-N/ha/a;17.617248893;NA
2021;OSD;Ossingen-Dachsenhuserriet;Ostluft;mittel;Wald;5;10;20;N-Deposition;kg-N/ha/a;25.01221234;geschätzt
2021;WAB;Wasterkingen-Büelhalden;Ostluft;mittel;Trockenrasen;15;15;25;aus NOx-Quellen;kg-N/ha/a;4.831286298;NA
2021;WAB;Wasterkingen-Büelhalden;Ostluft;mittel;Trockenrasen;15;15;25;aus NH3-Quellen;kg-N/ha/a;10.456337505;NA
2021;WAB;Wasterkingen-Büelhalden;Ostluft;mittel;Trockenrasen;15;15;25;N-Deposition;kg-N/ha/a;15.2876238;geschätzt
2021;WAB;Wasterkingen-Büelhalden;Ostluft;mittel;Wald;5;10;20;aus NOx-Quellen;kg-N/ha/a;6.773480318000001;NA
2021;WAB;Wasterkingen-Büelhalden;Ostluft;mittel;Wald;5;10;20;aus NH3-Quellen;kg-N/ha/a;16.509898033;NA
2021;WAB;Wasterkingen-Büelhalden;Ostluft;mittel;Wald;5;10;20;N-Deposition;kg-N/ha/a;23.28337835;geschätzt
2021;WIH;Winterthur-Hoh Wülflingen;Ostluft;mittel;Trockenrasen;15;15;25;aus NOx-Quellen;kg-N/ha/a;5.858075357000001;NA
2021;WIH;Winterthur-Hoh Wülflingen;Ostluft;mittel;Trockenrasen;15;15;25;aus NH3-Quellen;kg-N/ha/a;11.159646432;NA
2021;WIH;Winterthur-Hoh Wülflingen;Ostluft;mittel;Trockenrasen;15;15;25;N-Deposition;kg-N/ha/a;17.01772179;geschätzt
2021;WIH;Winterthur-Hoh Wülflingen;Ostluft;mittel;Wald;5;10;20;aus NOx-Quellen;kg-N/ha/a;8.618891272;NA
2021;WIH;Winterthur-Hoh Wülflingen;Ostluft;mittel;Wald;5;10;20;aus NH3-Quellen;kg-N/ha/a;17.944241558999998;NA
2021;WIH;Winterthur-Hoh Wülflingen;Ostluft;mittel;Wald;5;10;20;N-Deposition;kg-N/ha/a;26.56313283;geschätzt
2022;AEG;Knonau-Ägelsee;Ostluft;hoch;Hochmoor;5;5;10;aus NOx-Quellen;kg-N/ha/a;4.7636576029999995;NA
2022;AEG;Knonau-Ägelsee;Ostluft;hoch;Hochmoor;5;5;10;aus NH3-Quellen;kg-N/ha/a;14.419593496;NA
2022;AEG;Knonau-Ägelsee;Ostluft;hoch;Hochmoor;5;5;10;N-Deposition;kg-N/ha/a;19.1832511;gemessen
2022;AEG;Knonau-Ägelsee;Ostluft;hoch;Wald;5;10;20;aus NOx-Quellen;kg-N/ha/a;6.690348932;NA
2022;AEG;Knonau-Ägelsee;Ostluft;hoch;Wald;5;10;20;aus NH3-Quellen;kg-N/ha/a;17.399104074;NA
2022;AEG;Knonau-Ägelsee;Ostluft;hoch;Wald;5;10;20;N-Deposition;kg-N/ha/a;24.08945301;gemessen
2022;BA;Hinwil-Bachtel Sennenberg;Ostluft;hoch;Trockenrasen;15;15;25;aus NOx-Quellen;kg-N/ha/a;5.118302548;NA
2022;BA;Hinwil-Bachtel Sennenberg;Ostluft;hoch;Trockenrasen;15;15;25;aus NH3-Quellen;kg-N/ha/a;14.518898805000001;NA
2022;BA;Hinwil-Bachtel Sennenberg;Ostluft;hoch;Trockenrasen;15;15;25;N-Deposition;kg-N/ha/a;19.63720135;gemessen
2022;BA;Hinwil-Bachtel Sennenberg;Ostluft;hoch;Wald;5;10;20;aus NOx-Quellen;kg-N/ha/a;5.95929233;NA
2022;BA;Hinwil-Bachtel Sennenberg;Ostluft;hoch;Wald;5;10;20;aus NH3-Quellen;kg-N/ha/a;22.712629139;NA
2022;BA;Hinwil-Bachtel Sennenberg;Ostluft;hoch;Wald;5;10;20;N-Deposition;kg-N/ha/a;28.67192147;gemessen
2022;NET;Neerach-Turpenlöcher;Ostluft;mittel;Flachmoor;15;15;30;aus NOx-Quellen;kg-N/ha/a;5.259246171;NA
2022;NET;Neerach-Turpenlöcher;Ostluft;mittel;Flachmoor;15;15;30;aus NH3-Quellen;kg-N/ha/a;19.89007229;NA
2022;NET;Neerach-Turpenlöcher;Ostluft;mittel;Flachmoor;15;15;30;N-Deposition;kg-N/ha/a;25.14931846;geschätzt
2022;OSD;Ossingen-Dachsenhuserriet;Ostluft;mittel;Flachmoor;15;15;25;aus NOx-Quellen;kg-N/ha/a;4.916032351;NA
2022;OSD;Ossingen-Dachsenhuserriet;Ostluft;mittel;Flachmoor;15;15;25;aus NH3-Quellen;kg-N/ha/a;15.630611285;NA
2022;OSD;Ossingen-Dachsenhuserriet;Ostluft;mittel;Flachmoor;15;15;25;N-Deposition;kg-N/ha/a;20.54664363;geschätzt
2022;OSD;Ossingen-Dachsenhuserriet;Ostluft;mittel;Wald;5;10;20;aus NOx-Quellen;kg-N/ha/a;7.050225579;NA
2022;OSD;Ossingen-Dachsenhuserriet;Ostluft;mittel;Wald;5;10;20;aus NH3-Quellen;kg-N/ha/a;19.016101034000002;NA
2022;OSD;Ossingen-Dachsenhuserriet;Ostluft;mittel;Wald;5;10;20;N-Deposition;kg-N/ha/a;26.06632661;geschätzt
2022;TAB;Tablat-Risihölzli;Ostluft;mittel;Trockenrasen;15;15;25;aus NOx-Quellen;kg-N/ha/a;5.015007396;NA
2022;TAB;Tablat-Risihölzli;Ostluft;mittel;Trockenrasen;15;15;25;aus NH3-Quellen;kg-N/ha/a;12.858771739;NA
2022;TAB;Tablat-Risihölzli;Ostluft;mittel;Trockenrasen;15;15;25;N-Deposition;kg-N/ha/a;17.87377914;geschätzt
2022;TAB;Tablat-Risihölzli;Ostluft;mittel;Wald;5;10;20;aus NOx-Quellen;kg-N/ha/a;6.730022818;NA
2022;TAB;Tablat-Risihölzli;Ostluft;mittel;Wald;5;10;20;aus NH3-Quellen;kg-N/ha/a;21.018964575000002;NA
2022;TAB;Tablat-Risihölzli;Ostluft;mittel;Wald;5;10;20;N-Deposition;kg-N/ha/a;27.74898739;geschätzt
2022;WIH;Winterthur-Hoh Wülflingen;Ostluft;mittel;Trockenrasen;15;15;25;aus NOx-Quellen;kg-N/ha/a;5.632902509;NA
2022;WIH;Winterthur-Hoh Wülflingen;Ostluft;mittel;Trockenrasen;15;15;25;aus NH3-Quellen;kg-N/ha/a;11.599702204;NA
2022;WIH;Winterthur-Hoh Wülflingen;Ostluft;mittel;Trockenrasen;15;15;25;N-Deposition;kg-N/ha/a;17.23260471;geschätzt
2022;WIH;Winterthur-Hoh Wülflingen;Ostluft;mittel;Wald;5;10;20;aus NOx-Quellen;kg-N/ha/a;8.242390139000001;NA
2022;WIH;Winterthur-Hoh Wülflingen;Ostluft;mittel;Wald;5;10;20;aus NH3-Quellen;kg-N/ha/a;19.003725628999998;NA
2022;WIH;Winterthur-Hoh Wülflingen;Ostluft;mittel;Wald;5;10;20;N-Deposition;kg-N/ha/a;27.24611577;geschätzt
