year;site_short;site;siteclass;ecosystem_category;critical_load_min;critical_load_single;critical_load_max;estimate;parameter;value;unit;source
2001;BA;Hinwil_Bachtel Sennenberg;hoch;Trockenrasen;15;15;25;geschätzt;HNO3-N Gasdep.;0.440753010024263;kg-N/ha/a;OSTLUFT
2001;BA;Hinwil_Bachtel Sennenberg;hoch;Trockenrasen;15;15;25;geschätzt;N-Deposition;23.7353088489163;kg-N/ha/a;OSTLUFT
2001;BA;Hinwil_Bachtel Sennenberg;hoch;Trockenrasen;15;15;25;geschätzt;NH3-N Gasdep.;7.63774659389403;kg-N/ha/a;OSTLUFT
2001;BA;Hinwil_Bachtel Sennenberg;hoch;Trockenrasen;15;15;25;geschätzt;NH4-N Gravitationsdep.;8.02620129321779;kg-N/ha/a;OSTLUFT
2001;BA;Hinwil_Bachtel Sennenberg;hoch;Trockenrasen;15;15;25;geschätzt;NH4-N Interzeption;0.963268034220586;kg-N/ha/a;OSTLUFT
2001;BA;Hinwil_Bachtel Sennenberg;hoch;Trockenrasen;15;15;25;geschätzt;NO2-N Gasdep.;0.734240347826087;kg-N/ha/a;OSTLUFT
2001;BA;Hinwil_Bachtel Sennenberg;hoch;Trockenrasen;15;15;25;geschätzt;NO3-N Gravitationsdep.;5.43223381187159;kg-N/ha/a;OSTLUFT
2001;BA;Hinwil_Bachtel Sennenberg;hoch;Trockenrasen;15;15;25;geschätzt;NO3-N Interzeption;0.500865757861945;kg-N/ha/a;OSTLUFT
2002;BA;Hinwil_Bachtel Sennenberg;hoch;Trockenrasen;15;15;25;geschätzt;HNO3-N Gasdep.;0.419104620032781;kg-N/ha/a;OSTLUFT
2002;BA;Hinwil_Bachtel Sennenberg;hoch;Trockenrasen;15;15;25;geschätzt;N-Deposition;24.9154814432535;kg-N/ha/a;OSTLUFT
2002;BA;Hinwil_Bachtel Sennenberg;hoch;Trockenrasen;15;15;25;geschätzt;NH3-N Gasdep.;7.1521102121333;kg-N/ha/a;OSTLUFT
2002;BA;Hinwil_Bachtel Sennenberg;hoch;Trockenrasen;15;15;25;geschätzt;NH4-N Gravitationsdep.;9.52244993988004;kg-N/ha/a;OSTLUFT
2002;BA;Hinwil_Bachtel Sennenberg;hoch;Trockenrasen;15;15;25;geschätzt;NH4-N Interzeption;0.987126840325767;kg-N/ha/a;OSTLUFT
2002;BA;Hinwil_Bachtel Sennenberg;hoch;Trockenrasen;15;15;25;geschätzt;NO2-N Gasdep.;0.60466852173913;kg-N/ha/a;OSTLUFT
2002;BA;Hinwil_Bachtel Sennenberg;hoch;Trockenrasen;15;15;25;geschätzt;NO3-N Gravitationsdep.;5.7438301765725;kg-N/ha/a;OSTLUFT
2002;BA;Hinwil_Bachtel Sennenberg;hoch;Trockenrasen;15;15;25;geschätzt;NO3-N Interzeption;0.486191132569969;kg-N/ha/a;OSTLUFT
2003;BA;Hinwil_Bachtel Sennenberg;hoch;Trockenrasen;15;15;25;geschätzt;HNO3-N Gasdep.;0.31536;kg-N/ha/a;OSTLUFT
2003;BA;Hinwil_Bachtel Sennenberg;hoch;Trockenrasen;15;15;25;geschätzt;N-Deposition;23.6556826564269;kg-N/ha/a;OSTLUFT
2003;BA;Hinwil_Bachtel Sennenberg;hoch;Trockenrasen;15;15;25;geschätzt;NH3-N Gasdep.;7.66917405252778;kg-N/ha/a;OSTLUFT
2003;BA;Hinwil_Bachtel Sennenberg;hoch;Trockenrasen;15;15;25;geschätzt;NH4-N Gravitationsdep.;8.02545632466549;kg-N/ha/a;OSTLUFT
2003;BA;Hinwil_Bachtel Sennenberg;hoch;Trockenrasen;15;15;25;geschätzt;NH4-N Interzeption;1.04090209149128;kg-N/ha/a;OSTLUFT
2003;BA;Hinwil_Bachtel Sennenberg;hoch;Trockenrasen;15;15;25;geschätzt;NO2-N Gasdep.;0.763034086956522;kg-N/ha/a;OSTLUFT
2003;BA;Hinwil_Bachtel Sennenberg;hoch;Trockenrasen;15;15;25;geschätzt;NO3-N Gravitationsdep.;5.27632704254688;kg-N/ha/a;OSTLUFT
2003;BA;Hinwil_Bachtel Sennenberg;hoch;Trockenrasen;15;15;25;geschätzt;NO3-N Interzeption;0.565429058238988;kg-N/ha/a;OSTLUFT
2004;BA;Hinwil_Bachtel Sennenberg;hoch;Trockenrasen;15;15;25;gemessen;HNO3-N Gasdep.;0.84096;kg-N/ha/a;OSTLUFT
2004;BA;Hinwil_Bachtel Sennenberg;hoch;Trockenrasen;15;15;25;gemessen;N-Deposition;20.9683931606661;kg-N/ha/a;OSTLUFT
2004;BA;Hinwil_Bachtel Sennenberg;hoch;Trockenrasen;15;15;25;gemessen;NH3-N Gasdep.;5.18625417123991;kg-N/ha/a;OSTLUFT
2004;BA;Hinwil_Bachtel Sennenberg;hoch;Trockenrasen;15;15;25;gemessen;NH4-N Gravitationsdep.;7.95862005332974;kg-N/ha/a;OSTLUFT
2004;BA;Hinwil_Bachtel Sennenberg;hoch;Trockenrasen;15;15;25;gemessen;NH4-N Interzeption;0.7983864;kg-N/ha/a;OSTLUFT
2004;BA;Hinwil_Bachtel Sennenberg;hoch;Trockenrasen;15;15;25;gemessen;NO2-N Gasdep.;0.744629353006009;kg-N/ha/a;OSTLUFT
2004;BA;Hinwil_Bachtel Sennenberg;hoch;Trockenrasen;15;15;25;gemessen;NO3-N Gravitationsdep.;5.05874598309043;kg-N/ha/a;OSTLUFT
2004;BA;Hinwil_Bachtel Sennenberg;hoch;Trockenrasen;15;15;25;gemessen;NO3-N Interzeption;0.3807972;kg-N/ha/a;OSTLUFT
2005;BA;Hinwil_Bachtel Sennenberg;hoch;Trockenrasen;15;15;25;gemessen;HNO3-N Gasdep.;0.84096;kg-N/ha/a;OSTLUFT
2005;BA;Hinwil_Bachtel Sennenberg;hoch;Trockenrasen;15;15;25;gemessen;N-Deposition;22.5719671986143;kg-N/ha/a;OSTLUFT
2005;BA;Hinwil_Bachtel Sennenberg;hoch;Trockenrasen;15;15;25;gemessen;NH3-N Gasdep.;5.28666949154535;kg-N/ha/a;OSTLUFT
2005;BA;Hinwil_Bachtel Sennenberg;hoch;Trockenrasen;15;15;25;gemessen;NH4-N Gravitationsdep.;8.96694424188717;kg-N/ha/a;OSTLUFT
2005;BA;Hinwil_Bachtel Sennenberg;hoch;Trockenrasen;15;15;25;gemessen;NH4-N Interzeption;0.769357937544313;kg-N/ha/a;OSTLUFT
2005;BA;Hinwil_Bachtel Sennenberg;hoch;Trockenrasen;15;15;25;gemessen;NO2-N Gasdep.;0.737692642788726;kg-N/ha/a;OSTLUFT
2005;BA;Hinwil_Bachtel Sennenberg;hoch;Trockenrasen;15;15;25;gemessen;NO3-N Gravitationsdep.;5.58954568484876;kg-N/ha/a;OSTLUFT
2005;BA;Hinwil_Bachtel Sennenberg;hoch;Trockenrasen;15;15;25;gemessen;NO3-N Interzeption;0.3807972;kg-N/ha/a;OSTLUFT
2006;BA;Hinwil_Bachtel Sennenberg;hoch;Trockenrasen;15;15;25;gemessen;HNO3-N Gasdep.;0.84096;kg-N/ha/a;OSTLUFT
2006;BA;Hinwil_Bachtel Sennenberg;hoch;Trockenrasen;15;15;25;gemessen;N-Deposition;26.5649269762741;kg-N/ha/a;OSTLUFT
2006;BA;Hinwil_Bachtel Sennenberg;hoch;Trockenrasen;15;15;25;gemessen;NH3-N Gasdep.;7.81024359250073;kg-N/ha/a;OSTLUFT
2006;BA;Hinwil_Bachtel Sennenberg;hoch;Trockenrasen;15;15;25;gemessen;NH4-N Gravitationsdep.;9.85567009799882;kg-N/ha/a;OSTLUFT
2006;BA;Hinwil_Bachtel Sennenberg;hoch;Trockenrasen;15;15;25;gemessen;NH4-N Interzeption;0.850845531667164;kg-N/ha/a;OSTLUFT
2006;BA;Hinwil_Bachtel Sennenberg;hoch;Trockenrasen;15;15;25;gemessen;NO2-N Gasdep.;0.799523758506845;kg-N/ha/a;OSTLUFT
2006;BA;Hinwil_Bachtel Sennenberg;hoch;Trockenrasen;15;15;25;gemessen;NO3-N Gravitationsdep.;6.02688679560054;kg-N/ha/a;OSTLUFT
2006;BA;Hinwil_Bachtel Sennenberg;hoch;Trockenrasen;15;15;25;gemessen;NO3-N Interzeption;0.3807972;kg-N/ha/a;OSTLUFT
2007;BA;Hinwil_Bachtel Sennenberg;hoch;Trockenrasen;15;15;25;gemessen;HNO3-N Gasdep.;0.84096;kg-N/ha/a;OSTLUFT
2007;BA;Hinwil_Bachtel Sennenberg;hoch;Trockenrasen;15;15;25;gemessen;N-Deposition;21.8399905720992;kg-N/ha/a;OSTLUFT
2007;BA;Hinwil_Bachtel Sennenberg;hoch;Trockenrasen;15;15;25;gemessen;NH3-N Gasdep.;6.64113388827375;kg-N/ha/a;OSTLUFT
2007;BA;Hinwil_Bachtel Sennenberg;hoch;Trockenrasen;15;15;25;gemessen;NH4-N Gravitationsdep.;7.51258094529083;kg-N/ha/a;OSTLUFT
2007;BA;Hinwil_Bachtel Sennenberg;hoch;Trockenrasen;15;15;25;gemessen;NH4-N Interzeption;0.782444304767108;kg-N/ha/a;OSTLUFT
2007;BA;Hinwil_Bachtel Sennenberg;hoch;Trockenrasen;15;15;25;gemessen;NO2-N Gasdep.;0.762054546462986;kg-N/ha/a;OSTLUFT
2007;BA;Hinwil_Bachtel Sennenberg;hoch;Trockenrasen;15;15;25;gemessen;NO3-N Gravitationsdep.;4.92001968730452;kg-N/ha/a;OSTLUFT
2007;BA;Hinwil_Bachtel Sennenberg;hoch;Trockenrasen;15;15;25;gemessen;NO3-N Interzeption;0.3807972;kg-N/ha/a;OSTLUFT
2008;BA;Hinwil_Bachtel Sennenberg;hoch;Trockenrasen;15;15;25;gemessen;HNO3-N Gasdep.;0.965175361119312;kg-N/ha/a;OSTLUFT
2008;BA;Hinwil_Bachtel Sennenberg;hoch;Trockenrasen;15;15;25;gemessen;N-Deposition;19.5648931886632;kg-N/ha/a;OSTLUFT
2008;BA;Hinwil_Bachtel Sennenberg;hoch;Trockenrasen;15;15;25;gemessen;NH3-N Gasdep.;5.37798591699049;kg-N/ha/a;OSTLUFT
2008;BA;Hinwil_Bachtel Sennenberg;hoch;Trockenrasen;15;15;25;gemessen;NH4-N Gravitationsdep.;6.54440456580243;kg-N/ha/a;OSTLUFT
2008;BA;Hinwil_Bachtel Sennenberg;hoch;Trockenrasen;15;15;25;gemessen;NH4-N Interzeption;0.638672378106521;kg-N/ha/a;OSTLUFT
2008;BA;Hinwil_Bachtel Sennenberg;hoch;Trockenrasen;15;15;25;gemessen;NO2-N Gasdep.;0.796663076067994;kg-N/ha/a;OSTLUFT
2008;BA;Hinwil_Bachtel Sennenberg;hoch;Trockenrasen;15;15;25;gemessen;NO3-N Gravitationsdep.;4.81575834410409;kg-N/ha/a;OSTLUFT
2008;BA;Hinwil_Bachtel Sennenberg;hoch;Trockenrasen;15;15;25;gemessen;NO3-N Interzeption;0.426233546472409;kg-N/ha/a;OSTLUFT
2009;BA;Hinwil_Bachtel Sennenberg;hoch;Trockenrasen;15;15;25;gemessen;HNO3-N Gasdep.;0.84096;kg-N/ha/a;OSTLUFT
2009;BA;Hinwil_Bachtel Sennenberg;hoch;Trockenrasen;15;15;25;gemessen;N-Deposition;22.8840560265247;kg-N/ha/a;OSTLUFT
2009;BA;Hinwil_Bachtel Sennenberg;hoch;Trockenrasen;15;15;25;gemessen;NH3-N Gasdep.;7.08697199466424;kg-N/ha/a;OSTLUFT
2009;BA;Hinwil_Bachtel Sennenberg;hoch;Trockenrasen;15;15;25;gemessen;NH4-N Gravitationsdep.;7.9388960835951;kg-N/ha/a;OSTLUFT
2009;BA;Hinwil_Bachtel Sennenberg;hoch;Trockenrasen;15;15;25;gemessen;NH4-N Interzeption;0.721010311264432;kg-N/ha/a;OSTLUFT
2009;BA;Hinwil_Bachtel Sennenberg;hoch;Trockenrasen;15;15;25;gemessen;NO2-N Gasdep.;0.743892632197083;kg-N/ha/a;OSTLUFT
2009;BA;Hinwil_Bachtel Sennenberg;hoch;Trockenrasen;15;15;25;gemessen;NO3-N Gravitationsdep.;5.17152780480389;kg-N/ha/a;OSTLUFT
2009;BA;Hinwil_Bachtel Sennenberg;hoch;Trockenrasen;15;15;25;gemessen;NO3-N Interzeption;0.3807972;kg-N/ha/a;OSTLUFT
2010;BA;Hinwil_Bachtel Sennenberg;hoch;Trockenrasen;15;15;25;gemessen;HNO3-N Gasdep.;0.94608;kg-N/ha/a;OSTLUFT
2010;BA;Hinwil_Bachtel Sennenberg;hoch;Trockenrasen;15;15;25;gemessen;N-Deposition;20.5940788093574;kg-N/ha/a;OSTLUFT
2010;BA;Hinwil_Bachtel Sennenberg;hoch;Trockenrasen;15;15;25;gemessen;NH3-N Gasdep.;6.20360255560412;kg-N/ha/a;OSTLUFT
2010;BA;Hinwil_Bachtel Sennenberg;hoch;Trockenrasen;15;15;25;gemessen;NH4-N Gravitationsdep.;6.37523282880849;kg-N/ha/a;OSTLUFT
2010;BA;Hinwil_Bachtel Sennenberg;hoch;Trockenrasen;15;15;25;gemessen;NH4-N Interzeption;0.741444101910902;kg-N/ha/a;OSTLUFT
2010;BA;Hinwil_Bachtel Sennenberg;hoch;Trockenrasen;15;15;25;gemessen;NO2-N Gasdep.;0.810368981511628;kg-N/ha/a;OSTLUFT
2010;BA;Hinwil_Bachtel Sennenberg;hoch;Trockenrasen;15;15;25;gemessen;NO3-N Gravitationsdep.;5.13655314152226;kg-N/ha/a;OSTLUFT
2010;BA;Hinwil_Bachtel Sennenberg;hoch;Trockenrasen;15;15;25;gemessen;NO3-N Interzeption;0.3807972;kg-N/ha/a;OSTLUFT
2011;BA;Hinwil_Bachtel Sennenberg;hoch;Trockenrasen;15;15;25;gemessen;HNO3-N Gasdep.;0.985442042461327;kg-N/ha/a;OSTLUFT
2011;BA;Hinwil_Bachtel Sennenberg;hoch;Trockenrasen;15;15;25;gemessen;N-Deposition;21.0591159956963;kg-N/ha/a;OSTLUFT
2011;BA;Hinwil_Bachtel Sennenberg;hoch;Trockenrasen;15;15;25;gemessen;NH3-N Gasdep.;7.32726194655089;kg-N/ha/a;OSTLUFT
2011;BA;Hinwil_Bachtel Sennenberg;hoch;Trockenrasen;15;15;25;gemessen;NH4-N Gravitationsdep.;6.3137776877579;kg-N/ha/a;OSTLUFT
2011;BA;Hinwil_Bachtel Sennenberg;hoch;Trockenrasen;15;15;25;gemessen;NH4-N Interzeption;0.74694613164376;kg-N/ha/a;OSTLUFT
2011;BA;Hinwil_Bachtel Sennenberg;hoch;Trockenrasen;15;15;25;gemessen;NO2-N Gasdep.;0.76074885830793;kg-N/ha/a;OSTLUFT
2011;BA;Hinwil_Bachtel Sennenberg;hoch;Trockenrasen;15;15;25;gemessen;NO3-N Gravitationsdep.;4.44086592029918;kg-N/ha/a;OSTLUFT
2011;BA;Hinwil_Bachtel Sennenberg;hoch;Trockenrasen;15;15;25;gemessen;NO3-N Interzeption;0.484073408675333;kg-N/ha/a;OSTLUFT
2012;BA;Hinwil_Bachtel Sennenberg;hoch;Trockenrasen;15;15;25;gemessen;HNO3-N Gasdep.;0.94608;kg-N/ha/a;OSTLUFT
2012;BA;Hinwil_Bachtel Sennenberg;hoch;Trockenrasen;15;15;25;gemessen;N-Deposition;21.0390559384645;kg-N/ha/a;OSTLUFT
2012;BA;Hinwil_Bachtel Sennenberg;hoch;Trockenrasen;15;15;25;gemessen;NH3-N Gasdep.;6.2720405206546;kg-N/ha/a;OSTLUFT
2012;BA;Hinwil_Bachtel Sennenberg;hoch;Trockenrasen;15;15;25;gemessen;NH4-N Gravitationsdep.;6.84500287258421;kg-N/ha/a;OSTLUFT
2012;BA;Hinwil_Bachtel Sennenberg;hoch;Trockenrasen;15;15;25;gemessen;NH4-N Interzeption;0.521848091804521;kg-N/ha/a;OSTLUFT
2012;BA;Hinwil_Bachtel Sennenberg;hoch;Trockenrasen;15;15;25;gemessen;NO2-N Gasdep.;0.712808194465964;kg-N/ha/a;OSTLUFT
2012;BA;Hinwil_Bachtel Sennenberg;hoch;Trockenrasen;15;15;25;gemessen;NO3-N Gravitationsdep.;5.34392265895518;kg-N/ha/a;OSTLUFT
2012;BA;Hinwil_Bachtel Sennenberg;hoch;Trockenrasen;15;15;25;gemessen;NO3-N Interzeption;0.3973536;kg-N/ha/a;OSTLUFT
2013;BA;Hinwil_Bachtel Sennenberg;hoch;Trockenrasen;15;15;25;gemessen;HNO3-N Gasdep.;0.909925209111888;kg-N/ha/a;OSTLUFT
2013;BA;Hinwil_Bachtel Sennenberg;hoch;Trockenrasen;15;15;25;gemessen;N-Deposition;21.1660944775479;kg-N/ha/a;OSTLUFT
2013;BA;Hinwil_Bachtel Sennenberg;hoch;Trockenrasen;15;15;25;gemessen;NH3-N Gasdep.;5.57357787590711;kg-N/ha/a;OSTLUFT
2013;BA;Hinwil_Bachtel Sennenberg;hoch;Trockenrasen;15;15;25;gemessen;NH4-N Gravitationsdep.;7.14051646106616;kg-N/ha/a;OSTLUFT
2013;BA;Hinwil_Bachtel Sennenberg;hoch;Trockenrasen;15;15;25;gemessen;NH4-N Interzeption;0.6843312;kg-N/ha/a;OSTLUFT
2013;BA;Hinwil_Bachtel Sennenberg;hoch;Trockenrasen;15;15;25;gemessen;NO2-N Gasdep.;0.768187374735545;kg-N/ha/a;OSTLUFT
2013;BA;Hinwil_Bachtel Sennenberg;hoch;Trockenrasen;15;15;25;gemessen;NO3-N Gravitationsdep.;5.6081475421223;kg-N/ha/a;OSTLUFT
2013;BA;Hinwil_Bachtel Sennenberg;hoch;Trockenrasen;15;15;25;gemessen;NO3-N Interzeption;0.481408814604907;kg-N/ha/a;OSTLUFT
2014;BA;Hinwil_Bachtel Sennenberg;hoch;Trockenrasen;15;15;25;gemessen;HNO3-N Gasdep.;0.820181244208003;kg-N/ha/a;OSTLUFT
2014;BA;Hinwil_Bachtel Sennenberg;hoch;Trockenrasen;15;15;25;gemessen;N-Deposition;21.2478280304951;kg-N/ha/a;OSTLUFT
2014;BA;Hinwil_Bachtel Sennenberg;hoch;Trockenrasen;15;15;25;gemessen;NH3-N Gasdep.;7.33591521852964;kg-N/ha/a;OSTLUFT
2014;BA;Hinwil_Bachtel Sennenberg;hoch;Trockenrasen;15;15;25;gemessen;NH4-N Gravitationsdep.;6.80987540010368;kg-N/ha/a;OSTLUFT
2014;BA;Hinwil_Bachtel Sennenberg;hoch;Trockenrasen;15;15;25;gemessen;NH4-N Interzeption;0.489854323464096;kg-N/ha/a;OSTLUFT
2014;BA;Hinwil_Bachtel Sennenberg;hoch;Trockenrasen;15;15;25;gemessen;NO2-N Gasdep.;0.73587654084946;kg-N/ha/a;OSTLUFT
2014;BA;Hinwil_Bachtel Sennenberg;hoch;Trockenrasen;15;15;25;gemessen;NO3-N Gravitationsdep.;4.7083944515937;kg-N/ha/a;OSTLUFT
2014;BA;Hinwil_Bachtel Sennenberg;hoch;Trockenrasen;15;15;25;gemessen;NO3-N Interzeption;0.347730851746551;kg-N/ha/a;OSTLUFT
2015;BA;Hinwil_Bachtel Sennenberg;hoch;Trockenrasen;15;15;25;gemessen;HNO3-N Gasdep.;0.770583522645976;kg-N/ha/a;OSTLUFT
2015;BA;Hinwil_Bachtel Sennenberg;hoch;Trockenrasen;15;15;25;gemessen;N-Deposition;18.7546397496085;kg-N/ha/a;OSTLUFT
2015;BA;Hinwil_Bachtel Sennenberg;hoch;Trockenrasen;15;15;25;gemessen;NH3-N Gasdep.;6.9019998854916;kg-N/ha/a;OSTLUFT
2015;BA;Hinwil_Bachtel Sennenberg;hoch;Trockenrasen;15;15;25;gemessen;NH4-N Gravitationsdep.;5.52922046368387;kg-N/ha/a;OSTLUFT
2015;BA;Hinwil_Bachtel Sennenberg;hoch;Trockenrasen;15;15;25;gemessen;NH4-N Interzeption;0.5132484;kg-N/ha/a;OSTLUFT
2015;BA;Hinwil_Bachtel Sennenberg;hoch;Trockenrasen;15;15;25;gemessen;NO2-N Gasdep.;0.713178430758333;kg-N/ha/a;OSTLUFT
2015;BA;Hinwil_Bachtel Sennenberg;hoch;Trockenrasen;15;15;25;gemessen;NO3-N Gravitationsdep.;3.97929145652414;kg-N/ha/a;OSTLUFT
2015;BA;Hinwil_Bachtel Sennenberg;hoch;Trockenrasen;15;15;25;gemessen;NO3-N Interzeption;0.347117590504538;kg-N/ha/a;OSTLUFT
2016;BA;Hinwil_Bachtel Sennenberg;hoch;Trockenrasen;15;15;25;gemessen;HNO3-N Gasdep.;0.689328981012319;kg-N/ha/a;OSTLUFT
2016;BA;Hinwil_Bachtel Sennenberg;hoch;Trockenrasen;15;15;25;gemessen;N-Deposition;20.0378318092097;kg-N/ha/a;OSTLUFT
2016;BA;Hinwil_Bachtel Sennenberg;hoch;Trockenrasen;15;15;25;gemessen;NH3-N Gasdep.;6.07734245542475;kg-N/ha/a;OSTLUFT
2016;BA;Hinwil_Bachtel Sennenberg;hoch;Trockenrasen;15;15;25;gemessen;NH4-N Gravitationsdep.;6.79316110019392;kg-N/ha/a;OSTLUFT
2016;BA;Hinwil_Bachtel Sennenberg;hoch;Trockenrasen;15;15;25;gemessen;NH4-N Interzeption;0.572783479997384;kg-N/ha/a;OSTLUFT
2016;BA;Hinwil_Bachtel Sennenberg;hoch;Trockenrasen;15;15;25;gemessen;NO2-N Gasdep.;0.650081733822256;kg-N/ha/a;OSTLUFT
2016;BA;Hinwil_Bachtel Sennenberg;hoch;Trockenrasen;15;15;25;gemessen;NO3-N Gravitationsdep.;4.8972589455527;kg-N/ha/a;OSTLUFT
2016;BA;Hinwil_Bachtel Sennenberg;hoch;Trockenrasen;15;15;25;gemessen;NO3-N Interzeption;0.357875113206323;kg-N/ha/a;OSTLUFT
2017;BA;Hinwil_Bachtel Sennenberg;hoch;Trockenrasen;15;15;25;gemessen;HNO3-N Gasdep.;0.831795395975978;kg-N/ha/a;OSTLUFT
2017;BA;Hinwil_Bachtel Sennenberg;hoch;Trockenrasen;15;15;25;gemessen;N-Deposition;21.9328180706051;kg-N/ha/a;OSTLUFT
2017;BA;Hinwil_Bachtel Sennenberg;hoch;Trockenrasen;15;15;25;gemessen;NH3-N Gasdep.;6.7807903435474;kg-N/ha/a;OSTLUFT
2017;BA;Hinwil_Bachtel Sennenberg;hoch;Trockenrasen;15;15;25;gemessen;NH4-N Gravitationsdep.;7.50276738482249;kg-N/ha/a;OSTLUFT
2017;BA;Hinwil_Bachtel Sennenberg;hoch;Trockenrasen;15;15;25;gemessen;NH4-N Interzeption;0.604216279999064;kg-N/ha/a;OSTLUFT
2017;BA;Hinwil_Bachtel Sennenberg;hoch;Trockenrasen;15;15;25;gemessen;NO2-N Gasdep.;0.62829184737333;kg-N/ha/a;OSTLUFT
2017;BA;Hinwil_Bachtel Sennenberg;hoch;Trockenrasen;15;15;25;gemessen;NO3-N Gravitationsdep.;5.20577266399561;kg-N/ha/a;OSTLUFT
2017;BA;Hinwil_Bachtel Sennenberg;hoch;Trockenrasen;15;15;25;gemessen;NO3-N Interzeption;0.379184154891198;kg-N/ha/a;OSTLUFT
2018;BA;Hinwil_Bachtel Sennenberg;hoch;Trockenrasen;15;15;25;gemessen;HNO3-N Gasdep.;0.760915161994396;kg-N/ha/a;OSTLUFT
2018;BA;Hinwil_Bachtel Sennenberg;hoch;Trockenrasen;15;15;25;gemessen;N-Deposition;23.2067089171001;kg-N/ha/a;OSTLUFT
2018;BA;Hinwil_Bachtel Sennenberg;hoch;Trockenrasen;15;15;25;gemessen;NH3-N Gasdep.;10.4819298439239;kg-N/ha/a;OSTLUFT
2018;BA;Hinwil_Bachtel Sennenberg;hoch;Trockenrasen;15;15;25;gemessen;NH4-N Gravitationsdep.;6.63982287097972;kg-N/ha/a;OSTLUFT
2018;BA;Hinwil_Bachtel Sennenberg;hoch;Trockenrasen;15;15;25;gemessen;NH4-N Interzeption;0.620238673463584;kg-N/ha/a;OSTLUFT
2018;BA;Hinwil_Bachtel Sennenberg;hoch;Trockenrasen;15;15;25;gemessen;NO2-N Gasdep.;0.653073551254191;kg-N/ha/a;OSTLUFT
2018;BA;Hinwil_Bachtel Sennenberg;hoch;Trockenrasen;15;15;25;gemessen;NO3-N Gravitationsdep.;3.64849461503959;kg-N/ha/a;OSTLUFT
2018;BA;Hinwil_Bachtel Sennenberg;hoch;Trockenrasen;15;15;25;gemessen;NO3-N Interzeption;0.402234200444746;kg-N/ha/a;OSTLUFT
2019;BA;Hinwil_Bachtel Sennenberg;hoch;Trockenrasen;15;15;25;gemessen;HNO3-N Gasdep.;0.615932869093099;kg-N/ha/a;OSTLUFT
2019;BA;Hinwil_Bachtel Sennenberg;hoch;Trockenrasen;15;15;25;gemessen;N-Deposition;22.2050224054941;kg-N/ha/a;OSTLUFT
2019;BA;Hinwil_Bachtel Sennenberg;hoch;Trockenrasen;15;15;25;gemessen;NH3-N Gasdep.;9.22856087593029;kg-N/ha/a;OSTLUFT
2019;BA;Hinwil_Bachtel Sennenberg;hoch;Trockenrasen;15;15;25;gemessen;NH4-N Gravitationsdep.;7.02199459563684;kg-N/ha/a;OSTLUFT
2019;BA;Hinwil_Bachtel Sennenberg;hoch;Trockenrasen;15;15;25;gemessen;NH4-N Interzeption;0.444318864011962;kg-N/ha/a;OSTLUFT
2019;BA;Hinwil_Bachtel Sennenberg;hoch;Trockenrasen;15;15;25;gemessen;NO2-N Gasdep.;0.575470189602896;kg-N/ha/a;OSTLUFT
2019;BA;Hinwil_Bachtel Sennenberg;hoch;Trockenrasen;15;15;25;gemessen;NO3-N Gravitationsdep.;3.99272090313072;kg-N/ha/a;OSTLUFT
2019;BA;Hinwil_Bachtel Sennenberg;hoch;Trockenrasen;15;15;25;gemessen;NO3-N Interzeption;0.326024108088343;kg-N/ha/a;OSTLUFT
2020;BA;Hinwil_Bachtel Sennenberg;hoch;Trockenrasen;15;15;25;geschätzt;HNO3-N Gasdep.;0.601298382395727;kg-N/ha/a;OSTLUFT
2020;BA;Hinwil_Bachtel Sennenberg;hoch;Trockenrasen;15;15;25;geschätzt;N-Deposition;18.6665071322265;kg-N/ha/a;OSTLUFT
2020;BA;Hinwil_Bachtel Sennenberg;hoch;Trockenrasen;15;15;25;geschätzt;NH3-N Gasdep.;7.91860968779692;kg-N/ha/a;OSTLUFT
2020;BA;Hinwil_Bachtel Sennenberg;hoch;Trockenrasen;15;15;25;geschätzt;NH4-N Gravitationsdep.;5.94185433015446;kg-N/ha/a;OSTLUFT
2020;BA;Hinwil_Bachtel Sennenberg;hoch;Trockenrasen;15;15;25;geschätzt;NH4-N Interzeption;0.426173406785698;kg-N/ha/a;OSTLUFT
2020;BA;Hinwil_Bachtel Sennenberg;hoch;Trockenrasen;15;15;25;geschätzt;NO2-N Gasdep.;0.472818578642194;kg-N/ha/a;OSTLUFT
2020;BA;Hinwil_Bachtel Sennenberg;hoch;Trockenrasen;15;15;25;geschätzt;NO3-N Gravitationsdep.;3.02300328579953;kg-N/ha/a;OSTLUFT
2020;BA;Hinwil_Bachtel Sennenberg;hoch;Trockenrasen;15;15;25;geschätzt;NO3-N Interzeption;0.282749460651991;kg-N/ha/a;OSTLUFT
2021;BA;Hinwil_Bachtel Sennenberg;hoch;Trockenrasen;15;15;25;gemessen;HNO3-N Gasdep.;0.605769560091615;kg-N/ha/a;OSTLUFT
2021;BA;Hinwil_Bachtel Sennenberg;hoch;Trockenrasen;15;15;25;gemessen;N-Deposition;17.2165267834458;kg-N/ha/a;OSTLUFT
2021;BA;Hinwil_Bachtel Sennenberg;hoch;Trockenrasen;15;15;25;gemessen;NH3-N Gasdep.;6.20720995461022;kg-N/ha/a;OSTLUFT
2021;BA;Hinwil_Bachtel Sennenberg;hoch;Trockenrasen;15;15;25;gemessen;NH4-N Gravitationsdep.;5.94074192731744;kg-N/ha/a;OSTLUFT
2021;BA;Hinwil_Bachtel Sennenberg;hoch;Trockenrasen;15;15;25;gemessen;NH4-N Interzeption;0.524757140766518;kg-N/ha/a;OSTLUFT
2021;BA;Hinwil_Bachtel Sennenberg;hoch;Trockenrasen;15;15;25;gemessen;NO2-N Gasdep.;0.479798736950289;kg-N/ha/a;OSTLUFT
2021;BA;Hinwil_Bachtel Sennenberg;hoch;Trockenrasen;15;15;25;gemessen;NO3-N Gravitationsdep.;3.13834448478129;kg-N/ha/a;OSTLUFT
2021;BA;Hinwil_Bachtel Sennenberg;hoch;Trockenrasen;15;15;25;gemessen;NO3-N Interzeption;0.319904978928446;kg-N/ha/a;OSTLUFT
2022;BA;Hinwil_Bachtel Sennenberg;hoch;Trockenrasen;15;15;25;gemessen;HNO3-N Gasdep.;0.636058029862638;kg-N/ha/a;OSTLUFT
2022;BA;Hinwil_Bachtel Sennenberg;hoch;Trockenrasen;15;15;25;gemessen;N-Deposition;19.6372013525988;kg-N/ha/a;OSTLUFT
2022;BA;Hinwil_Bachtel Sennenberg;hoch;Trockenrasen;15;15;25;gemessen;NH3-N Gasdep.;6.71642566749477;kg-N/ha/a;OSTLUFT
2022;BA;Hinwil_Bachtel Sennenberg;hoch;Trockenrasen;15;15;25;gemessen;NH4-N Gravitationsdep.;7.44457274556356;kg-N/ha/a;OSTLUFT
2022;BA;Hinwil_Bachtel Sennenberg;hoch;Trockenrasen;15;15;25;gemessen;NH4-N Interzeption;0.35790039156192;kg-N/ha/a;OSTLUFT
2022;BA;Hinwil_Bachtel Sennenberg;hoch;Trockenrasen;15;15;25;gemessen;NO2-N Gasdep.;0.43575783484468;kg-N/ha/a;OSTLUFT
2022;BA;Hinwil_Bachtel Sennenberg;hoch;Trockenrasen;15;15;25;gemessen;NO3-N Gravitationsdep.;3.78650734713049;kg-N/ha/a;OSTLUFT
2022;BA;Hinwil_Bachtel Sennenberg;hoch;Trockenrasen;15;15;25;gemessen;NO3-N Interzeption;0.259979336140729;kg-N/ha/a;OSTLUFT
2001;BA_Wald;Hinwil_Bachtel Sennenberg_Wald;hoch;Wald;5;10;20;geschätzt;HNO3-N Gasdep.;0.440753010024263;kg-N/ha/a;OSTLUFT
2001;BA_Wald;Hinwil_Bachtel Sennenberg_Wald;hoch;Wald;5;10;20;geschätzt;N-Deposition;35.0891341309766;kg-N/ha/a;OSTLUFT
2001;BA_Wald;Hinwil_Bachtel Sennenberg_Wald;hoch;Wald;5;10;20;geschätzt;NH3-N Gasdep.;16.5484509534371;kg-N/ha/a;OSTLUFT
2001;BA_Wald;Hinwil_Bachtel Sennenberg_Wald;hoch;Wald;5;10;20;geschätzt;NH4-N Gravitationsdep.;8.02620129321779;kg-N/ha/a;OSTLUFT
2001;BA_Wald;Hinwil_Bachtel Sennenberg_Wald;hoch;Wald;5;10;20;geschätzt;NH4-N Interzeption;1.92653606844117;kg-N/ha/a;OSTLUFT
2001;BA_Wald;Hinwil_Bachtel Sennenberg_Wald;hoch;Wald;5;10;20;geschätzt;NO2-N Gasdep.;1.71322747826087;kg-N/ha/a;OSTLUFT
2001;BA_Wald;Hinwil_Bachtel Sennenberg_Wald;hoch;Wald;5;10;20;geschätzt;NO3-N Gravitationsdep.;5.43223381187159;kg-N/ha/a;OSTLUFT
2001;BA_Wald;Hinwil_Bachtel Sennenberg_Wald;hoch;Wald;5;10;20;geschätzt;NO3-N Interzeption;1.00173151572389;kg-N/ha/a;OSTLUFT
2002;BA_Wald;Hinwil_Bachtel Sennenberg_Wald;hoch;Wald;5;10;20;geschätzt;HNO3-N Gasdep.;0.419104620032781;kg-N/ha/a;OSTLUFT
2002;BA_Wald;Hinwil_Bachtel Sennenberg_Wald;hoch;Wald;5;10;20;geschätzt;N-Deposition;35.5391526926236;kg-N/ha/a;OSTLUFT
2002;BA_Wald;Hinwil_Bachtel Sennenberg_Wald;hoch;Wald;5;10;20;geschätzt;NH3-N Gasdep.;15.4962387929555;kg-N/ha/a;OSTLUFT
2002;BA_Wald;Hinwil_Bachtel Sennenberg_Wald;hoch;Wald;5;10;20;geschätzt;NH4-N Gravitationsdep.;9.52244993988004;kg-N/ha/a;OSTLUFT
2002;BA_Wald;Hinwil_Bachtel Sennenberg_Wald;hoch;Wald;5;10;20;geschätzt;NH4-N Interzeption;1.97425368065153;kg-N/ha/a;OSTLUFT
2002;BA_Wald;Hinwil_Bachtel Sennenberg_Wald;hoch;Wald;5;10;20;geschätzt;NO2-N Gasdep.;1.4108932173913;kg-N/ha/a;OSTLUFT
2002;BA_Wald;Hinwil_Bachtel Sennenberg_Wald;hoch;Wald;5;10;20;geschätzt;NO3-N Gravitationsdep.;5.7438301765725;kg-N/ha/a;OSTLUFT
2002;BA_Wald;Hinwil_Bachtel Sennenberg_Wald;hoch;Wald;5;10;20;geschätzt;NO3-N Interzeption;0.972382265139939;kg-N/ha/a;OSTLUFT
2003;BA_Wald;Hinwil_Bachtel Sennenberg_Wald;hoch;Wald;5;10;20;geschätzt;HNO3-N Gasdep.;0.31536;kg-N/ha/a;OSTLUFT
2003;BA_Wald;Hinwil_Bachtel Sennenberg_Wald;hoch;Wald;5;10;20;geschätzt;N-Deposition;35.226762316715;kg-N/ha/a;OSTLUFT
2003;BA_Wald;Hinwil_Bachtel Sennenberg_Wald;hoch;Wald;5;10;20;geschätzt;NH3-N Gasdep.;16.6165437804769;kg-N/ha/a;OSTLUFT
2003;BA_Wald;Hinwil_Bachtel Sennenberg_Wald;hoch;Wald;5;10;20;geschätzt;NH4-N Gravitationsdep.;8.02545632466549;kg-N/ha/a;OSTLUFT
2003;BA_Wald;Hinwil_Bachtel Sennenberg_Wald;hoch;Wald;5;10;20;geschätzt;NH4-N Interzeption;2.08180418298257;kg-N/ha/a;OSTLUFT
2003;BA_Wald;Hinwil_Bachtel Sennenberg_Wald;hoch;Wald;5;10;20;geschätzt;NO2-N Gasdep.;1.78041286956522;kg-N/ha/a;OSTLUFT
2003;BA_Wald;Hinwil_Bachtel Sennenberg_Wald;hoch;Wald;5;10;20;geschätzt;NO3-N Gravitationsdep.;5.27632704254688;kg-N/ha/a;OSTLUFT
2003;BA_Wald;Hinwil_Bachtel Sennenberg_Wald;hoch;Wald;5;10;20;geschätzt;NO3-N Interzeption;1.13085811647798;kg-N/ha/a;OSTLUFT
2004;BA_Wald;Hinwil_Bachtel Sennenberg_Wald;hoch;Wald;5;10;20;gemessen;HNO3-N Gasdep.;0.84096;kg-N/ha/a;OSTLUFT
2004;BA_Wald;Hinwil_Bachtel Sennenberg_Wald;hoch;Wald;5;10;20;gemessen;N-Deposition;29.191045764454;kg-N/ha/a;OSTLUFT
2004;BA_Wald;Hinwil_Bachtel Sennenberg_Wald;hoch;Wald;5;10;20;gemessen;NH3-N Gasdep.;11.2368840376865;kg-N/ha/a;OSTLUFT
2004;BA_Wald;Hinwil_Bachtel Sennenberg_Wald;hoch;Wald;5;10;20;gemessen;NH4-N Gravitationsdep.;7.95862005332974;kg-N/ha/a;OSTLUFT
2004;BA_Wald;Hinwil_Bachtel Sennenberg_Wald;hoch;Wald;5;10;20;gemessen;NH4-N Interzeption;1.5967728;kg-N/ha/a;OSTLUFT
2004;BA_Wald;Hinwil_Bachtel Sennenberg_Wald;hoch;Wald;5;10;20;gemessen;NO2-N Gasdep.;1.73746849034736;kg-N/ha/a;OSTLUFT
2004;BA_Wald;Hinwil_Bachtel Sennenberg_Wald;hoch;Wald;5;10;20;gemessen;NO3-N Gravitationsdep.;5.05874598309043;kg-N/ha/a;OSTLUFT
2004;BA_Wald;Hinwil_Bachtel Sennenberg_Wald;hoch;Wald;5;10;20;gemessen;NO3-N Interzeption;0.7615944;kg-N/ha/a;OSTLUFT
2005;BA_Wald;Hinwil_Bachtel Sennenberg_Wald;hoch;Wald;5;10;20;gemessen;HNO3-N Gasdep.;0.84096;kg-N/ha/a;OSTLUFT
2005;BA_Wald;Hinwil_Bachtel Sennenberg_Wald;hoch;Wald;5;10;20;gemessen;N-Deposition;30.8734936000132;kg-N/ha/a;OSTLUFT
2005;BA_Wald;Hinwil_Bachtel Sennenberg_Wald;hoch;Wald;5;10;20;gemessen;NH3-N Gasdep.;11.4544505650149;kg-N/ha/a;OSTLUFT
2005;BA_Wald;Hinwil_Bachtel Sennenberg_Wald;hoch;Wald;5;10;20;gemessen;NH4-N Gravitationsdep.;8.96694424188717;kg-N/ha/a;OSTLUFT
2005;BA_Wald;Hinwil_Bachtel Sennenberg_Wald;hoch;Wald;5;10;20;gemessen;NH4-N Interzeption;1.53871587508863;kg-N/ha/a;OSTLUFT
2005;BA_Wald;Hinwil_Bachtel Sennenberg_Wald;hoch;Wald;5;10;20;gemessen;NO2-N Gasdep.;1.72128283317369;kg-N/ha/a;OSTLUFT
2005;BA_Wald;Hinwil_Bachtel Sennenberg_Wald;hoch;Wald;5;10;20;gemessen;NO3-N Gravitationsdep.;5.58954568484876;kg-N/ha/a;OSTLUFT
2005;BA_Wald;Hinwil_Bachtel Sennenberg_Wald;hoch;Wald;5;10;20;gemessen;NO3-N Interzeption;0.7615944;kg-N/ha/a;OSTLUFT
2006;BA_Wald;Hinwil_Bachtel Sennenberg_Wald;hoch;Wald;5;10;20;gemessen;HNO3-N Gasdep.;0.84096;kg-N/ha/a;OSTLUFT
2006;BA_Wald;Hinwil_Bachtel Sennenberg_Wald;hoch;Wald;5;10;20;gemessen;N-Deposition;37.9745522438679;kg-N/ha/a;OSTLUFT
2006;BA_Wald;Hinwil_Bachtel Sennenberg_Wald;hoch;Wald;5;10;20;gemessen;NH3-N Gasdep.;16.9221944504182;kg-N/ha/a;OSTLUFT
2006;BA_Wald;Hinwil_Bachtel Sennenberg_Wald;hoch;Wald;5;10;20;gemessen;NH4-N Gravitationsdep.;9.85567009799882;kg-N/ha/a;OSTLUFT
2006;BA_Wald;Hinwil_Bachtel Sennenberg_Wald;hoch;Wald;5;10;20;gemessen;NH4-N Interzeption;1.70169106333433;kg-N/ha/a;OSTLUFT
2006;BA_Wald;Hinwil_Bachtel Sennenberg_Wald;hoch;Wald;5;10;20;gemessen;NO2-N Gasdep.;1.86555543651597;kg-N/ha/a;OSTLUFT
2006;BA_Wald;Hinwil_Bachtel Sennenberg_Wald;hoch;Wald;5;10;20;gemessen;NO3-N Gravitationsdep.;6.02688679560054;kg-N/ha/a;OSTLUFT
2006;BA_Wald;Hinwil_Bachtel Sennenberg_Wald;hoch;Wald;5;10;20;gemessen;NO3-N Interzeption;0.7615944;kg-N/ha/a;OSTLUFT
2007;BA_Wald;Hinwil_Bachtel Sennenberg_Wald;hoch;Wald;5;10;20;gemessen;HNO3-N Gasdep.;0.84096;kg-N/ha/a;OSTLUFT
2007;BA_Wald;Hinwil_Bachtel Sennenberg_Wald;hoch;Wald;5;10;20;gemessen;N-Deposition;31.767294341803;kg-N/ha/a;OSTLUFT
2007;BA_Wald;Hinwil_Bachtel Sennenberg_Wald;hoch;Wald;5;10;20;gemessen;NH3-N Gasdep.;14.3891234245931;kg-N/ha/a;OSTLUFT
2007;BA_Wald;Hinwil_Bachtel Sennenberg_Wald;hoch;Wald;5;10;20;gemessen;NH4-N Gravitationsdep.;7.51258094529083;kg-N/ha/a;OSTLUFT
2007;BA_Wald;Hinwil_Bachtel Sennenberg_Wald;hoch;Wald;5;10;20;gemessen;NH4-N Interzeption;1.56488860953422;kg-N/ha/a;OSTLUFT
2007;BA_Wald;Hinwil_Bachtel Sennenberg_Wald;hoch;Wald;5;10;20;gemessen;NO2-N Gasdep.;1.7781272750803;kg-N/ha/a;OSTLUFT
2007;BA_Wald;Hinwil_Bachtel Sennenberg_Wald;hoch;Wald;5;10;20;gemessen;NO3-N Gravitationsdep.;4.92001968730452;kg-N/ha/a;OSTLUFT
2007;BA_Wald;Hinwil_Bachtel Sennenberg_Wald;hoch;Wald;5;10;20;gemessen;NO3-N Interzeption;0.7615944;kg-N/ha/a;OSTLUFT
2008;BA_Wald;Hinwil_Bachtel Sennenberg_Wald;hoch;Wald;5;10;20;gemessen;HNO3-N Gasdep.;0.965175361119312;kg-N/ha/a;OSTLUFT
2008;BA_Wald;Hinwil_Bachtel Sennenberg_Wald;hoch;Wald;5;10;20;gemessen;N-Deposition;27.9663334511551;kg-N/ha/a;OSTLUFT
2008;BA_Wald;Hinwil_Bachtel Sennenberg_Wald;hoch;Wald;5;10;20;gemessen;NH3-N Gasdep.;11.6523028201461;kg-N/ha/a;OSTLUFT
2008;BA_Wald;Hinwil_Bachtel Sennenberg_Wald;hoch;Wald;5;10;20;gemessen;NH4-N Gravitationsdep.;6.54440456580243;kg-N/ha/a;OSTLUFT
2008;BA_Wald;Hinwil_Bachtel Sennenberg_Wald;hoch;Wald;5;10;20;gemessen;NH4-N Interzeption;1.27734475621304;kg-N/ha/a;OSTLUFT
2008;BA_Wald;Hinwil_Bachtel Sennenberg_Wald;hoch;Wald;5;10;20;gemessen;NO2-N Gasdep.;1.85888051082532;kg-N/ha/a;OSTLUFT
2008;BA_Wald;Hinwil_Bachtel Sennenberg_Wald;hoch;Wald;5;10;20;gemessen;NO3-N Gravitationsdep.;4.81575834410409;kg-N/ha/a;OSTLUFT
2008;BA_Wald;Hinwil_Bachtel Sennenberg_Wald;hoch;Wald;5;10;20;gemessen;NO3-N Interzeption;0.852467092944818;kg-N/ha/a;OSTLUFT
2009;BA_Wald;Hinwil_Bachtel Sennenberg_Wald;hoch;Wald;5;10;20;gemessen;HNO3-N Gasdep.;0.84096;kg-N/ha/a;OSTLUFT
2009;BA_Wald;Hinwil_Bachtel Sennenberg_Wald;hoch;Wald;5;10;20;gemessen;N-Deposition;33.2458543744935;kg-N/ha/a;OSTLUFT
2009;BA_Wald;Hinwil_Bachtel Sennenberg_Wald;hoch;Wald;5;10;20;gemessen;NH3-N Gasdep.;15.3551059884392;kg-N/ha/a;OSTLUFT
2009;BA_Wald;Hinwil_Bachtel Sennenberg_Wald;hoch;Wald;5;10;20;gemessen;NH4-N Gravitationsdep.;7.9388960835951;kg-N/ha/a;OSTLUFT
2009;BA_Wald;Hinwil_Bachtel Sennenberg_Wald;hoch;Wald;5;10;20;gemessen;NH4-N Interzeption;1.44202062252886;kg-N/ha/a;OSTLUFT
2009;BA_Wald;Hinwil_Bachtel Sennenberg_Wald;hoch;Wald;5;10;20;gemessen;NO2-N Gasdep.;1.73574947512653;kg-N/ha/a;OSTLUFT
2009;BA_Wald;Hinwil_Bachtel Sennenberg_Wald;hoch;Wald;5;10;20;gemessen;NO3-N Gravitationsdep.;5.17152780480389;kg-N/ha/a;OSTLUFT
2009;BA_Wald;Hinwil_Bachtel Sennenberg_Wald;hoch;Wald;5;10;20;gemessen;NO3-N Interzeption;0.7615944;kg-N/ha/a;OSTLUFT
2010;BA_Wald;Hinwil_Bachtel Sennenberg_Wald;hoch;Wald;5;10;20;gemessen;HNO3-N Gasdep.;0.94608;kg-N/ha/a;OSTLUFT
2010;BA_Wald;Hinwil_Bachtel Sennenberg_Wald;hoch;Wald;5;10;20;gemessen;N-Deposition;30.0343484014886;kg-N/ha/a;OSTLUFT
2010;BA_Wald;Hinwil_Bachtel Sennenberg_Wald;hoch;Wald;5;10;20;gemessen;NH3-N Gasdep.;13.4411388704756;kg-N/ha/a;OSTLUFT
2010;BA_Wald;Hinwil_Bachtel Sennenberg_Wald;hoch;Wald;5;10;20;gemessen;NH4-N Gravitationsdep.;6.37523282880849;kg-N/ha/a;OSTLUFT
2010;BA_Wald;Hinwil_Bachtel Sennenberg_Wald;hoch;Wald;5;10;20;gemessen;NH4-N Interzeption;1.4828882038218;kg-N/ha/a;OSTLUFT
2010;BA_Wald;Hinwil_Bachtel Sennenberg_Wald;hoch;Wald;5;10;20;gemessen;NO2-N Gasdep.;1.89086095686046;kg-N/ha/a;OSTLUFT
2010;BA_Wald;Hinwil_Bachtel Sennenberg_Wald;hoch;Wald;5;10;20;gemessen;NO3-N Gravitationsdep.;5.13655314152226;kg-N/ha/a;OSTLUFT
2010;BA_Wald;Hinwil_Bachtel Sennenberg_Wald;hoch;Wald;5;10;20;gemessen;NO3-N Interzeption;0.7615944;kg-N/ha/a;OSTLUFT
2011;BA_Wald;Hinwil_Bachtel Sennenberg_Wald;hoch;Wald;5;10;20;gemessen;HNO3-N Gasdep.;0.985442042461327;kg-N/ha/a;OSTLUFT
2011;BA_Wald;Hinwil_Bachtel Sennenberg_Wald;hoch;Wald;5;10;20;gemessen;N-Deposition;31.8529396180687;kg-N/ha/a;OSTLUFT
2011;BA_Wald;Hinwil_Bachtel Sennenberg_Wald;hoch;Wald;5;10;20;gemessen;NH3-N Gasdep.;15.8757342175269;kg-N/ha/a;OSTLUFT
2011;BA_Wald;Hinwil_Bachtel Sennenberg_Wald;hoch;Wald;5;10;20;gemessen;NH4-N Gravitationsdep.;6.3137776877579;kg-N/ha/a;OSTLUFT
2011;BA_Wald;Hinwil_Bachtel Sennenberg_Wald;hoch;Wald;5;10;20;gemessen;NH4-N Interzeption;1.49389226328752;kg-N/ha/a;OSTLUFT
2011;BA_Wald;Hinwil_Bachtel Sennenberg_Wald;hoch;Wald;5;10;20;gemessen;NO2-N Gasdep.;1.77508066938517;kg-N/ha/a;OSTLUFT
2011;BA_Wald;Hinwil_Bachtel Sennenberg_Wald;hoch;Wald;5;10;20;gemessen;NO3-N Gravitationsdep.;4.44086592029918;kg-N/ha/a;OSTLUFT
2011;BA_Wald;Hinwil_Bachtel Sennenberg_Wald;hoch;Wald;5;10;20;gemessen;NO3-N Interzeption;0.968146817350666;kg-N/ha/a;OSTLUFT
2012;BA_Wald;Hinwil_Bachtel Sennenberg_Wald;hoch;Wald;5;10;20;gemessen;HNO3-N Gasdep.;0.94608;kg-N/ha/a;OSTLUFT
2012;BA_Wald;Hinwil_Bachtel Sennenberg_Wald;hoch;Wald;5;10;20;gemessen;N-Deposition;30.226049163654;kg-N/ha/a;OSTLUFT
2012;BA_Wald;Hinwil_Bachtel Sennenberg_Wald;hoch;Wald;5;10;20;gemessen;NH3-N Gasdep.;13.589421128085;kg-N/ha/a;OSTLUFT
2012;BA_Wald;Hinwil_Bachtel Sennenberg_Wald;hoch;Wald;5;10;20;gemessen;NH4-N Gravitationsdep.;6.84500287258421;kg-N/ha/a;OSTLUFT
2012;BA_Wald;Hinwil_Bachtel Sennenberg_Wald;hoch;Wald;5;10;20;gemessen;NH4-N Interzeption;1.04369618360904;kg-N/ha/a;OSTLUFT
2012;BA_Wald;Hinwil_Bachtel Sennenberg_Wald;hoch;Wald;5;10;20;gemessen;NO2-N Gasdep.;1.66321912042058;kg-N/ha/a;OSTLUFT
2012;BA_Wald;Hinwil_Bachtel Sennenberg_Wald;hoch;Wald;5;10;20;gemessen;NO3-N Gravitationsdep.;5.34392265895518;kg-N/ha/a;OSTLUFT
2012;BA_Wald;Hinwil_Bachtel Sennenberg_Wald;hoch;Wald;5;10;20;gemessen;NO3-N Interzeption;0.7947072;kg-N/ha/a;OSTLUFT
2013;BA_Wald;Hinwil_Bachtel Sennenberg_Wald;hoch;Wald;5;10;20;gemessen;HNO3-N Gasdep.;0.909925209111888;kg-N/ha/a;OSTLUFT
2013;BA_Wald;Hinwil_Bachtel Sennenberg_Wald;hoch;Wald;5;10;20;gemessen;N-Deposition;29.8585918470252;kg-N/ha/a;OSTLUFT
2013;BA_Wald;Hinwil_Bachtel Sennenberg_Wald;hoch;Wald;5;10;20;gemessen;NH3-N Gasdep.;12.0760853977987;kg-N/ha/a;OSTLUFT
2013;BA_Wald;Hinwil_Bachtel Sennenberg_Wald;hoch;Wald;5;10;20;gemessen;NH4-N Gravitationsdep.;7.14051646106616;kg-N/ha/a;OSTLUFT
2013;BA_Wald;Hinwil_Bachtel Sennenberg_Wald;hoch;Wald;5;10;20;gemessen;NH4-N Interzeption;1.3686624;kg-N/ha/a;OSTLUFT
2013;BA_Wald;Hinwil_Bachtel Sennenberg_Wald;hoch;Wald;5;10;20;gemessen;NO2-N Gasdep.;1.79243720771627;kg-N/ha/a;OSTLUFT
2013;BA_Wald;Hinwil_Bachtel Sennenberg_Wald;hoch;Wald;5;10;20;gemessen;NO3-N Gravitationsdep.;5.6081475421223;kg-N/ha/a;OSTLUFT
2013;BA_Wald;Hinwil_Bachtel Sennenberg_Wald;hoch;Wald;5;10;20;gemessen;NO3-N Interzeption;0.962817629209814;kg-N/ha/a;OSTLUFT
2014;BA_Wald;Hinwil_Bachtel Sennenberg_Wald;hoch;Wald;5;10;20;gemessen;HNO3-N Gasdep.;0.820181244208003;kg-N/ha/a;OSTLUFT
2014;BA_Wald;Hinwil_Bachtel Sennenberg_Wald;hoch;Wald;5;10;20;gemessen;N-Deposition;31.6251496817896;kg-N/ha/a;OSTLUFT
2014;BA_Wald;Hinwil_Bachtel Sennenberg_Wald;hoch;Wald;5;10;20;gemessen;NH3-N Gasdep.;15.8944829734809;kg-N/ha/a;OSTLUFT
2014;BA_Wald;Hinwil_Bachtel Sennenberg_Wald;hoch;Wald;5;10;20;gemessen;NH4-N Gravitationsdep.;6.80987540010368;kg-N/ha/a;OSTLUFT
2014;BA_Wald;Hinwil_Bachtel Sennenberg_Wald;hoch;Wald;5;10;20;gemessen;NH4-N Interzeption;0.979708646928192;kg-N/ha/a;OSTLUFT
2014;BA_Wald;Hinwil_Bachtel Sennenberg_Wald;hoch;Wald;5;10;20;gemessen;NO2-N Gasdep.;1.71704526198207;kg-N/ha/a;OSTLUFT
2014;BA_Wald;Hinwil_Bachtel Sennenberg_Wald;hoch;Wald;5;10;20;gemessen;NO3-N Gravitationsdep.;4.7083944515937;kg-N/ha/a;OSTLUFT
2014;BA_Wald;Hinwil_Bachtel Sennenberg_Wald;hoch;Wald;5;10;20;gemessen;NO3-N Interzeption;0.695461703493102;kg-N/ha/a;OSTLUFT
2015;BA_Wald;Hinwil_Bachtel Sennenberg_Wald;hoch;Wald;5;10;20;gemessen;HNO3-N Gasdep.;0.770583522645976;kg-N/ha/a;OSTLUFT
2015;BA_Wald;Hinwil_Bachtel Sennenberg_Wald;hoch;Wald;5;10;20;gemessen;N-Deposition;28.6182435141976;kg-N/ha/a;OSTLUFT
2015;BA_Wald;Hinwil_Bachtel Sennenberg_Wald;hoch;Wald;5;10;20;gemessen;NH3-N Gasdep.;14.9543330852318;kg-N/ha/a;OSTLUFT
2015;BA_Wald;Hinwil_Bachtel Sennenberg_Wald;hoch;Wald;5;10;20;gemessen;NH4-N Gravitationsdep.;5.52922046368387;kg-N/ha/a;OSTLUFT
2015;BA_Wald;Hinwil_Bachtel Sennenberg_Wald;hoch;Wald;5;10;20;gemessen;NH4-N Interzeption;1.0264968;kg-N/ha/a;OSTLUFT
2015;BA_Wald;Hinwil_Bachtel Sennenberg_Wald;hoch;Wald;5;10;20;gemessen;NO2-N Gasdep.;1.66408300510278;kg-N/ha/a;OSTLUFT
2015;BA_Wald;Hinwil_Bachtel Sennenberg_Wald;hoch;Wald;5;10;20;gemessen;NO3-N Gravitationsdep.;3.97929145652414;kg-N/ha/a;OSTLUFT
2015;BA_Wald;Hinwil_Bachtel Sennenberg_Wald;hoch;Wald;5;10;20;gemessen;NO3-N Interzeption;0.694235181009076;kg-N/ha/a;OSTLUFT
2016;BA_Wald;Hinwil_Bachtel Sennenberg_Wald;hoch;Wald;5;10;20;gemessen;HNO3-N Gasdep.;0.689328981012319;kg-N/ha/a;OSTLUFT
2016;BA_Wald;Hinwil_Bachtel Sennenberg_Wald;hoch;Wald;5;10;20;gemessen;N-Deposition;28.9254989121719;kg-N/ha/a;OSTLUFT
2016;BA_Wald;Hinwil_Bachtel Sennenberg_Wald;hoch;Wald;5;10;20;gemessen;NH3-N Gasdep.;13.167575320087;kg-N/ha/a;OSTLUFT
2016;BA_Wald;Hinwil_Bachtel Sennenberg_Wald;hoch;Wald;5;10;20;gemessen;NH4-N Gravitationsdep.;6.79316110019392;kg-N/ha/a;OSTLUFT
2016;BA_Wald;Hinwil_Bachtel Sennenberg_Wald;hoch;Wald;5;10;20;gemessen;NH4-N Interzeption;1.14556695999477;kg-N/ha/a;OSTLUFT
2016;BA_Wald;Hinwil_Bachtel Sennenberg_Wald;hoch;Wald;5;10;20;gemessen;NO2-N Gasdep.;1.5168573789186;kg-N/ha/a;OSTLUFT
2016;BA_Wald;Hinwil_Bachtel Sennenberg_Wald;hoch;Wald;5;10;20;gemessen;NO3-N Gravitationsdep.;4.8972589455527;kg-N/ha/a;OSTLUFT
2016;BA_Wald;Hinwil_Bachtel Sennenberg_Wald;hoch;Wald;5;10;20;gemessen;NO3-N Interzeption;0.715750226412646;kg-N/ha/a;OSTLUFT
2017;BA_Wald;Hinwil_Bachtel Sennenberg_Wald;hoch;Wald;5;10;20;gemessen;HNO3-N Gasdep.;0.831795395975978;kg-N/ha/a;OSTLUFT
2017;BA_Wald;Hinwil_Bachtel Sennenberg_Wald;hoch;Wald;5;10;20;gemessen;N-Deposition;31.6648630361317;kg-N/ha/a;OSTLUFT
2017;BA_Wald;Hinwil_Bachtel Sennenberg_Wald;hoch;Wald;5;10;20;gemessen;NH3-N Gasdep.;14.6917124110194;kg-N/ha/a;OSTLUFT
2017;BA_Wald;Hinwil_Bachtel Sennenberg_Wald;hoch;Wald;5;10;20;gemessen;NH4-N Gravitationsdep.;7.50276738482249;kg-N/ha/a;OSTLUFT
2017;BA_Wald;Hinwil_Bachtel Sennenberg_Wald;hoch;Wald;5;10;20;gemessen;NH4-N Interzeption;1.20843255999813;kg-N/ha/a;OSTLUFT
2017;BA_Wald;Hinwil_Bachtel Sennenberg_Wald;hoch;Wald;5;10;20;gemessen;NO2-N Gasdep.;1.46601431053777;kg-N/ha/a;OSTLUFT
2017;BA_Wald;Hinwil_Bachtel Sennenberg_Wald;hoch;Wald;5;10;20;gemessen;NO3-N Gravitationsdep.;5.20577266399561;kg-N/ha/a;OSTLUFT
2017;BA_Wald;Hinwil_Bachtel Sennenberg_Wald;hoch;Wald;5;10;20;gemessen;NO3-N Interzeption;0.758368309782395;kg-N/ha/a;OSTLUFT
2018;BA_Wald;Hinwil_Bachtel Sennenberg_Wald;hoch;Wald;5;10;20;gemessen;HNO3-N Gasdep.;0.760915161994396;kg-N/ha/a;OSTLUFT
2018;BA_Wald;Hinwil_Bachtel Sennenberg_Wald;hoch;Wald;5;10;20;gemessen;N-Deposition;37.3288646772585;kg-N/ha/a;OSTLUFT
2018;BA_Wald;Hinwil_Bachtel Sennenberg_Wald;hoch;Wald;5;10;20;gemessen;NH3-N Gasdep.;22.7108479951684;kg-N/ha/a;OSTLUFT
2018;BA_Wald;Hinwil_Bachtel Sennenberg_Wald;hoch;Wald;5;10;20;gemessen;NH4-N Gravitationsdep.;6.63982287097972;kg-N/ha/a;OSTLUFT
2018;BA_Wald;Hinwil_Bachtel Sennenberg_Wald;hoch;Wald;5;10;20;gemessen;NH4-N Interzeption;1.24047734692717;kg-N/ha/a;OSTLUFT
2018;BA_Wald;Hinwil_Bachtel Sennenberg_Wald;hoch;Wald;5;10;20;gemessen;NO2-N Gasdep.;1.52383828625978;kg-N/ha/a;OSTLUFT
2018;BA_Wald;Hinwil_Bachtel Sennenberg_Wald;hoch;Wald;5;10;20;gemessen;NO3-N Gravitationsdep.;3.64849461503959;kg-N/ha/a;OSTLUFT
2018;BA_Wald;Hinwil_Bachtel Sennenberg_Wald;hoch;Wald;5;10;20;gemessen;NO3-N Interzeption;0.804468400889493;kg-N/ha/a;OSTLUFT
2019;BA_Wald;Hinwil_Bachtel Sennenberg_Wald;hoch;Wald;5;10;20;gemessen;HNO3-N Gasdep.;0.615932869093099;kg-N/ha/a;OSTLUFT
2019;BA_Wald;Hinwil_Bachtel Sennenberg_Wald;hoch;Wald;5;10;20;gemessen;N-Deposition;34.5093133189837;kg-N/ha/a;OSTLUFT
2019;BA_Wald;Hinwil_Bachtel Sennenberg_Wald;hoch;Wald;5;10;20;gemessen;NH3-N Gasdep.;19.9952152311823;kg-N/ha/a;OSTLUFT
2019;BA_Wald;Hinwil_Bachtel Sennenberg_Wald;hoch;Wald;5;10;20;gemessen;NH4-N Gravitationsdep.;7.02199459563684;kg-N/ha/a;OSTLUFT
2019;BA_Wald;Hinwil_Bachtel Sennenberg_Wald;hoch;Wald;5;10;20;gemessen;NH4-N Interzeption;0.888637728023924;kg-N/ha/a;OSTLUFT
2019;BA_Wald;Hinwil_Bachtel Sennenberg_Wald;hoch;Wald;5;10;20;gemessen;NO2-N Gasdep.;1.34276377574009;kg-N/ha/a;OSTLUFT
2019;BA_Wald;Hinwil_Bachtel Sennenberg_Wald;hoch;Wald;5;10;20;gemessen;NO3-N Gravitationsdep.;3.99272090313072;kg-N/ha/a;OSTLUFT
2019;BA_Wald;Hinwil_Bachtel Sennenberg_Wald;hoch;Wald;5;10;20;gemessen;NO3-N Interzeption;0.652048216176686;kg-N/ha/a;OSTLUFT
2020;BA_Wald;Hinwil_Bachtel Sennenberg_Wald;hoch;Wald;5;10;20;geschätzt;HNO3-N Gasdep.;0.601298382395727;kg-N/ha/a;OSTLUFT
2020;BA_Wald;Hinwil_Bachtel Sennenberg_Wald;hoch;Wald;5;10;20;geschätzt;N-Deposition;29.2442327402835;kg-N/ha/a;OSTLUFT
2020;BA_Wald;Hinwil_Bachtel Sennenberg_Wald;hoch;Wald;5;10;20;geschätzt;NH3-N Gasdep.;17.1569876568933;kg-N/ha/a;OSTLUFT
2020;BA_Wald;Hinwil_Bachtel Sennenberg_Wald;hoch;Wald;5;10;20;geschätzt;NH4-N Gravitationsdep.;5.94185433015446;kg-N/ha/a;OSTLUFT
2020;BA_Wald;Hinwil_Bachtel Sennenberg_Wald;hoch;Wald;5;10;20;geschätzt;NH4-N Interzeption;0.852346813571395;kg-N/ha/a;OSTLUFT
2020;BA_Wald;Hinwil_Bachtel Sennenberg_Wald;hoch;Wald;5;10;20;geschätzt;NO2-N Gasdep.;1.10324335016512;kg-N/ha/a;OSTLUFT
2020;BA_Wald;Hinwil_Bachtel Sennenberg_Wald;hoch;Wald;5;10;20;geschätzt;NO3-N Gravitationsdep.;3.02300328579953;kg-N/ha/a;OSTLUFT
2020;BA_Wald;Hinwil_Bachtel Sennenberg_Wald;hoch;Wald;5;10;20;geschätzt;NO3-N Interzeption;0.565498921303982;kg-N/ha/a;OSTLUFT
2021;BA_Wald;Hinwil_Bachtel Sennenberg_Wald;hoch;Wald;5;10;20;gemessen;HNO3-N Gasdep.;0.605769560091615;kg-N/ha/a;OSTLUFT
2021;BA_Wald;Hinwil_Bachtel Sennenberg_Wald;hoch;Wald;5;10;20;gemessen;N-Deposition;25.9426654994531;kg-N/ha/a;OSTLUFT
2021;BA_Wald;Hinwil_Bachtel Sennenberg_Wald;hoch;Wald;5;10;20;gemessen;NH3-N Gasdep.;13.4489549016555;kg-N/ha/a;OSTLUFT
2021;BA_Wald;Hinwil_Bachtel Sennenberg_Wald;hoch;Wald;5;10;20;gemessen;NH4-N Gravitationsdep.;5.94074192731744;kg-N/ha/a;OSTLUFT
2021;BA_Wald;Hinwil_Bachtel Sennenberg_Wald;hoch;Wald;5;10;20;gemessen;NH4-N Interzeption;1.04951428153304;kg-N/ha/a;OSTLUFT
2021;BA_Wald;Hinwil_Bachtel Sennenberg_Wald;hoch;Wald;5;10;20;gemessen;NO2-N Gasdep.;1.11953038621734;kg-N/ha/a;OSTLUFT
2021;BA_Wald;Hinwil_Bachtel Sennenberg_Wald;hoch;Wald;5;10;20;gemessen;NO3-N Gravitationsdep.;3.13834448478129;kg-N/ha/a;OSTLUFT
2021;BA_Wald;Hinwil_Bachtel Sennenberg_Wald;hoch;Wald;5;10;20;gemessen;NO3-N Interzeption;0.639809957856892;kg-N/ha/a;OSTLUFT
2022;BA_Wald;Hinwil_Bachtel Sennenberg_Wald;hoch;Wald;5;10;20;gemessen;HNO3-N Gasdep.;0.636058029862638;kg-N/ha/a;OSTLUFT
2022;BA_Wald;Hinwil_Bachtel Sennenberg_Wald;hoch;Wald;5;10;20;gemessen;N-Deposition;28.6719214721716;kg-N/ha/a;OSTLUFT
2022;BA_Wald;Hinwil_Bachtel Sennenberg_Wald;hoch;Wald;5;10;20;gemessen;NH3-N Gasdep.;14.5522556129053;kg-N/ha/a;OSTLUFT
2022;BA_Wald;Hinwil_Bachtel Sennenberg_Wald;hoch;Wald;5;10;20;gemessen;NH4-N Gravitationsdep.;7.44457274556356;kg-N/ha/a;OSTLUFT
2022;BA_Wald;Hinwil_Bachtel Sennenberg_Wald;hoch;Wald;5;10;20;gemessen;NH4-N Interzeption;0.715800783123839;kg-N/ha/a;OSTLUFT
2022;BA_Wald;Hinwil_Bachtel Sennenberg_Wald;hoch;Wald;5;10;20;gemessen;NO2-N Gasdep.;1.01676828130425;kg-N/ha/a;OSTLUFT
2022;BA_Wald;Hinwil_Bachtel Sennenberg_Wald;hoch;Wald;5;10;20;gemessen;NO3-N Gravitationsdep.;3.78650734713049;kg-N/ha/a;OSTLUFT
2022;BA_Wald;Hinwil_Bachtel Sennenberg_Wald;hoch;Wald;5;10;20;gemessen;NO3-N Interzeption;0.519958672281457;kg-N/ha/a;OSTLUFT
2019;AEG;Knonau_Ägelsee;hoch;Hochmoor;5;5;10;gemessen;HNO3-N Gasdep.;0.955687599977656;kg-N/ha/a;OSTLUFT
2019;AEG;Knonau_Ägelsee;hoch;Hochmoor;5;5;10;gemessen;N-Deposition;21.1200959497485;kg-N/ha/a;OSTLUFT
2019;AEG;Knonau_Ägelsee;hoch;Hochmoor;5;5;10;gemessen;NH3-N Gasdep.;11.2163531345277;kg-N/ha/a;OSTLUFT
2019;AEG;Knonau_Ägelsee;hoch;Hochmoor;5;5;10;gemessen;NH4-N Gravitationsdep.;4.45776421327203;kg-N/ha/a;OSTLUFT
2019;AEG;Knonau_Ägelsee;hoch;Hochmoor;5;5;10;gemessen;NH4-N Interzeption;0.298750339189655;kg-N/ha/a;OSTLUFT
2019;AEG;Knonau_Ägelsee;hoch;Hochmoor;5;5;10;gemessen;NO2-N Gasdep.;1.37191876534333;kg-N/ha/a;OSTLUFT
2019;AEG;Knonau_Ägelsee;hoch;Hochmoor;5;5;10;gemessen;NO3-N Gravitationsdep.;2.5834607000454;kg-N/ha/a;OSTLUFT
2019;AEG;Knonau_Ägelsee;hoch;Hochmoor;5;5;10;gemessen;NO3-N Interzeption;0.236161197392707;kg-N/ha/a;OSTLUFT
2020;AEG;Knonau_Ägelsee;hoch;Hochmoor;5;5;10;geschätzt;HNO3-N Gasdep.;0.849059798150812;kg-N/ha/a;OSTLUFT
2020;AEG;Knonau_Ägelsee;hoch;Hochmoor;5;5;10;geschätzt;N-Deposition;23.9429030263852;kg-N/ha/a;OSTLUFT
2020;AEG;Knonau_Ägelsee;hoch;Hochmoor;5;5;10;geschätzt;NH3-N Gasdep.;13.0758225424108;kg-N/ha/a;OSTLUFT
2020;AEG;Knonau_Ägelsee;hoch;Hochmoor;5;5;10;geschätzt;NH4-N Gravitationsdep.;5.64800907322635;kg-N/ha/a;OSTLUFT
2020;AEG;Knonau_Ägelsee;hoch;Hochmoor;5;5;10;geschätzt;NH4-N Interzeption;0.263559051988646;kg-N/ha/a;OSTLUFT
2020;AEG;Knonau_Ägelsee;hoch;Hochmoor;5;5;10;geschätzt;NO2-N Gasdep.;1.42624987826087;kg-N/ha/a;OSTLUFT
2020;AEG;Knonau_Ägelsee;hoch;Hochmoor;5;5;10;geschätzt;NO3-N Gravitationsdep.;2.46324769778182;kg-N/ha/a;OSTLUFT
2020;AEG;Knonau_Ägelsee;hoch;Hochmoor;5;5;10;geschätzt;NO3-N Interzeption;0.216954984565851;kg-N/ha/a;OSTLUFT
2022;AEG;Knonau_Ägelsee;hoch;Hochmoor;5;5;10;gemessen;HNO3-N Gasdep.;0.881931712855483;kg-N/ha/a;OSTLUFT
2022;AEG;Knonau_Ägelsee;hoch;Hochmoor;5;5;10;gemessen;N-Deposition;19.18325109829;kg-N/ha/a;OSTLUFT
2022;AEG;Knonau_Ägelsee;hoch;Hochmoor;5;5;10;gemessen;NH3-N Gasdep.;9.00355496365369;kg-N/ha/a;OSTLUFT
2022;AEG;Knonau_Ägelsee;hoch;Hochmoor;5;5;10;gemessen;NH4-N Gravitationsdep.;5.13759443902958;kg-N/ha/a;OSTLUFT
2022;AEG;Knonau_Ägelsee;hoch;Hochmoor;5;5;10;gemessen;NH4-N Interzeption;0.278444092597974;kg-N/ha/a;OSTLUFT
2022;AEG;Knonau_Ägelsee;hoch;Hochmoor;5;5;10;gemessen;NO2-N Gasdep.;1.2684841030689;kg-N/ha/a;OSTLUFT
2022;AEG;Knonau_Ägelsee;hoch;Hochmoor;5;5;10;gemessen;NO3-N Gravitationsdep.;2.37786259492771;kg-N/ha/a;OSTLUFT
2022;AEG;Knonau_Ägelsee;hoch;Hochmoor;5;5;10;gemessen;NO3-N Interzeption;0.235379192156674;kg-N/ha/a;OSTLUFT
2019;AEG_Wald;Knonau_Ägelsee_Wald;hoch;Wald;5;10;20;gemessen;HNO3-N Gasdep.;0.955687599977656;kg-N/ha/a;OSTLUFT
2019;AEG_Wald;Knonau_Ägelsee_Wald;hoch;Wald;5;10;20;gemessen;N-Deposition;26.8491384471469;kg-N/ha/a;OSTLUFT
2019;AEG_Wald;Knonau_Ägelsee_Wald;hoch;Wald;5;10;20;gemessen;NH3-N Gasdep.;14.581259074886;kg-N/ha/a;OSTLUFT
2019;AEG_Wald;Knonau_Ägelsee_Wald;hoch;Wald;5;10;20;gemessen;NH4-N Gravitationsdep.;4.45776421327203;kg-N/ha/a;OSTLUFT
2019;AEG_Wald;Knonau_Ägelsee_Wald;hoch;Wald;5;10;20;gemessen;NH4-N Interzeption;0.597500678379309;kg-N/ha/a;OSTLUFT
2019;AEG_Wald;Knonau_Ägelsee_Wald;hoch;Wald;5;10;20;gemessen;NO2-N Gasdep.;3.20114378580109;kg-N/ha/a;OSTLUFT
2019;AEG_Wald;Knonau_Ägelsee_Wald;hoch;Wald;5;10;20;gemessen;NO3-N Gravitationsdep.;2.5834607000454;kg-N/ha/a;OSTLUFT
2019;AEG_Wald;Knonau_Ägelsee_Wald;hoch;Wald;5;10;20;gemessen;NO3-N Interzeption;0.472322394785414;kg-N/ha/a;OSTLUFT
2020;AEG_Wald;Knonau_Ägelsee_Wald;hoch;Wald;5;10;20;geschätzt;HNO3-N Gasdep.;0.849059798150812;kg-N/ha/a;OSTLUFT
2020;AEG_Wald;Knonau_Ägelsee_Wald;hoch;Wald;5;10;20;geschätzt;N-Deposition;30.2478303300108;kg-N/ha/a;OSTLUFT
2020;AEG_Wald;Knonau_Ägelsee_Wald;hoch;Wald;5;10;20;geschätzt;NH3-N Gasdep.;16.9985693051341;kg-N/ha/a;OSTLUFT
2020;AEG_Wald;Knonau_Ägelsee_Wald;hoch;Wald;5;10;20;geschätzt;NH4-N Gravitationsdep.;5.64800907322635;kg-N/ha/a;OSTLUFT
2020;AEG_Wald;Knonau_Ägelsee_Wald;hoch;Wald;5;10;20;geschätzt;NH4-N Interzeption;0.527118103977291;kg-N/ha/a;OSTLUFT
2020;AEG_Wald;Knonau_Ägelsee_Wald;hoch;Wald;5;10;20;geschätzt;NO2-N Gasdep.;3.3279163826087;kg-N/ha/a;OSTLUFT
2020;AEG_Wald;Knonau_Ägelsee_Wald;hoch;Wald;5;10;20;geschätzt;NO3-N Gravitationsdep.;2.46324769778182;kg-N/ha/a;OSTLUFT
2020;AEG_Wald;Knonau_Ägelsee_Wald;hoch;Wald;5;10;20;geschätzt;NO3-N Interzeption;0.433909969131702;kg-N/ha/a;OSTLUFT
2022;AEG_Wald;Knonau_Ägelsee_Wald;hoch;Wald;5;10;20;gemessen;HNO3-N Gasdep.;0.881931712855483;kg-N/ha/a;OSTLUFT
2022;AEG_Wald;Knonau_Ägelsee_Wald;hoch;Wald;5;10;20;gemessen;N-Deposition;24.089453009566;kg-N/ha/a;OSTLUFT
2022;AEG_Wald;Knonau_Ägelsee_Wald;hoch;Wald;5;10;20;gemessen;NH3-N Gasdep.;11.7046214527498;kg-N/ha/a;OSTLUFT
2022;AEG_Wald;Knonau_Ägelsee_Wald;hoch;Wald;5;10;20;gemessen;NH4-N Gravitationsdep.;5.13759443902958;kg-N/ha/a;OSTLUFT
2022;AEG_Wald;Knonau_Ägelsee_Wald;hoch;Wald;5;10;20;gemessen;NH4-N Interzeption;0.556888185195947;kg-N/ha/a;OSTLUFT
2022;AEG_Wald;Knonau_Ägelsee_Wald;hoch;Wald;5;10;20;gemessen;NO2-N Gasdep.;2.9597962404941;kg-N/ha/a;OSTLUFT
2022;AEG_Wald;Knonau_Ägelsee_Wald;hoch;Wald;5;10;20;gemessen;NO3-N Gravitationsdep.;2.37786259492771;kg-N/ha/a;OSTLUFT
2022;AEG_Wald;Knonau_Ägelsee_Wald;hoch;Wald;5;10;20;gemessen;NO3-N Interzeption;0.470758384313348;kg-N/ha/a;OSTLUFT
2021;NET;Neerach_Turpenlöcher;mittel;Flachmoor;15;15;30;geschätzt;HNO3-N Gasdep.;0.854470076314693;kg-N/ha/a;OSTLUFT
2021;NET;Neerach_Turpenlöcher;mittel;Flachmoor;15;15;30;geschätzt;N-Deposition;23.7603612416593;kg-N/ha/a;OSTLUFT
2021;NET;Neerach_Turpenlöcher;mittel;Flachmoor;15;15;30;geschätzt;NH3-N Gasdep.;12.5393208881639;kg-N/ha/a;OSTLUFT
2021;NET;Neerach_Turpenlöcher;mittel;Flachmoor;15;15;30;geschätzt;NH4-N Gravitationsdep.;5.48208978925445;kg-N/ha/a;OSTLUFT
2021;NET;Neerach_Turpenlöcher;mittel;Flachmoor;15;15;30;geschätzt;NH4-N Interzeption;0.294372345821587;kg-N/ha/a;OSTLUFT
2021;NET;Neerach_Turpenlöcher;mittel;Flachmoor;15;15;30;geschätzt;NO2-N Gasdep.;1.68839287826087;kg-N/ha/a;OSTLUFT
2021;NET;Neerach_Turpenlöcher;mittel;Flachmoor;15;15;30;geschätzt;NO3-N Gravitationsdep.;2.68140682698116;kg-N/ha/a;OSTLUFT
2021;NET;Neerach_Turpenlöcher;mittel;Flachmoor;15;15;30;geschätzt;NO3-N Interzeption;0.220308436862617;kg-N/ha/a;OSTLUFT
2022;NET;Neerach_Turpenlöcher;mittel;Flachmoor;15;15;30;geschätzt;HNO3-N Gasdep.;0.972951052145191;kg-N/ha/a;OSTLUFT
2022;NET;Neerach_Turpenlöcher;mittel;Flachmoor;15;15;30;geschätzt;N-Deposition;25.1493184627751;kg-N/ha/a;OSTLUFT
2022;NET;Neerach_Turpenlöcher;mittel;Flachmoor;15;15;30;geschätzt;NH3-N Gasdep.;14.1368809116779;kg-N/ha/a;OSTLUFT
2022;NET;Neerach_Turpenlöcher;mittel;Flachmoor;15;15;30;geschätzt;NH4-N Gravitationsdep.;5.48921033883503;kg-N/ha/a;OSTLUFT
2022;NET;Neerach_Turpenlöcher;mittel;Flachmoor;15;15;30;geschätzt;NH4-N Interzeption;0.263981041013422;kg-N/ha/a;OSTLUFT
2022;NET;Neerach_Turpenlöcher;mittel;Flachmoor;15;15;30;geschätzt;NO2-N Gasdep.;1.58365565217391;kg-N/ha/a;OSTLUFT
2022;NET;Neerach_Turpenlöcher;mittel;Flachmoor;15;15;30;geschätzt;NO3-N Gravitationsdep.;2.48407059929647;kg-N/ha/a;OSTLUFT
2022;NET;Neerach_Turpenlöcher;mittel;Flachmoor;15;15;30;geschätzt;NO3-N Interzeption;0.218568867633228;kg-N/ha/a;OSTLUFT
2021;OSD;Ossingen_Dachsenhuserriet;mittel;Flachmoor;15;15;25;geschätzt;HNO3-N Gasdep.;0.808997592363633;kg-N/ha/a;OSTLUFT
2021;OSD;Ossingen_Dachsenhuserriet;mittel;Flachmoor;15;15;25;geschätzt;N-Deposition;19.7314065223401;kg-N/ha/a;OSTLUFT
2021;OSD;Ossingen_Dachsenhuserriet;mittel;Flachmoor;15;15;25;geschätzt;NH3-N Gasdep.;9.11066651703881;kg-N/ha/a;OSTLUFT
2021;OSD;Ossingen_Dachsenhuserriet;mittel;Flachmoor;15;15;25;geschätzt;NH4-N Gravitationsdep.;5.19766389357587;kg-N/ha/a;OSTLUFT
2021;OSD;Ossingen_Dachsenhuserriet;mittel;Flachmoor;15;15;25;geschätzt;NH4-N Interzeption;0.287859264586371;kg-N/ha/a;OSTLUFT
2021;OSD;Ossingen_Dachsenhuserriet;mittel;Flachmoor;15;15;25;geschätzt;NO2-N Gasdep.;1.53458632173913;kg-N/ha/a;OSTLUFT
2021;OSD;Ossingen_Dachsenhuserriet;mittel;Flachmoor;15;15;25;geschätzt;NO3-N Gravitationsdep.;2.57800143384913;kg-N/ha/a;OSTLUFT
2021;OSD;Ossingen_Dachsenhuserriet;mittel;Flachmoor;15;15;25;geschätzt;NO3-N Interzeption;0.213631499187139;kg-N/ha/a;OSTLUFT
2022;OSD;Ossingen_Dachsenhuserriet;mittel;Flachmoor;15;15;25;geschätzt;HNO3-N Gasdep.;0.932178701755799;kg-N/ha/a;OSTLUFT
2022;OSD;Ossingen_Dachsenhuserriet;mittel;Flachmoor;15;15;25;geschätzt;N-Deposition;20.5466436340076;kg-N/ha/a;OSTLUFT
2022;OSD;Ossingen_Dachsenhuserriet;mittel;Flachmoor;15;15;25;geschätzt;NH3-N Gasdep.;10.4157680987421;kg-N/ha/a;OSTLUFT
2022;OSD;Ossingen_Dachsenhuserriet;mittel;Flachmoor;15;15;25;geschätzt;NH4-N Gravitationsdep.;4.95408386496517;kg-N/ha/a;OSTLUFT
2022;OSD;Ossingen_Dachsenhuserriet;mittel;Flachmoor;15;15;25;geschätzt;NH4-N Interzeption;0.260759319705223;kg-N/ha/a;OSTLUFT
2022;OSD;Ossingen_Dachsenhuserriet;mittel;Flachmoor;15;15;25;geschätzt;NO2-N Gasdep.;1.43860719130435;kg-N/ha/a;OSTLUFT
2022;OSD;Ossingen_Dachsenhuserriet;mittel;Flachmoor;15;15;25;geschätzt;NO3-N Gravitationsdep.;2.32919615099334;kg-N/ha/a;OSTLUFT
2022;OSD;Ossingen_Dachsenhuserriet;mittel;Flachmoor;15;15;25;geschätzt;NO3-N Interzeption;0.216050306541611;kg-N/ha/a;OSTLUFT
2021;OSD_Wald;Ossingen_Dachsenhuserriet_Wald;mittel;Wald;5;10;20;geschätzt;HNO3-N Gasdep.;0.808997592363633;kg-N/ha/a;OSTLUFT
2021;OSD_Wald;Ossingen_Dachsenhuserriet_Wald;mittel;Wald;5;10;20;geschätzt;N-Deposition;25.0122123368774;kg-N/ha/a;OSTLUFT
2021;OSD_Wald;Ossingen_Dachsenhuserriet_Wald;mittel;Wald;5;10;20;geschätzt;NH3-N Gasdep.;11.8438664721505;kg-N/ha/a;OSTLUFT
2021;OSD_Wald;Ossingen_Dachsenhuserriet_Wald;mittel;Wald;5;10;20;geschätzt;NH4-N Gravitationsdep.;5.19766389357587;kg-N/ha/a;OSTLUFT
2021;OSD_Wald;Ossingen_Dachsenhuserriet_Wald;mittel;Wald;5;10;20;geschätzt;NH4-N Interzeption;0.575718529172743;kg-N/ha/a;OSTLUFT
2021;OSD_Wald;Ossingen_Dachsenhuserriet_Wald;mittel;Wald;5;10;20;geschätzt;NO2-N Gasdep.;3.5807014173913;kg-N/ha/a;OSTLUFT
2021;OSD_Wald;Ossingen_Dachsenhuserriet_Wald;mittel;Wald;5;10;20;geschätzt;NO3-N Gravitationsdep.;2.57800143384913;kg-N/ha/a;OSTLUFT
2021;OSD_Wald;Ossingen_Dachsenhuserriet_Wald;mittel;Wald;5;10;20;geschätzt;NO3-N Interzeption;0.427262998374277;kg-N/ha/a;OSTLUFT
2022;OSD_Wald;Ossingen_Dachsenhuserriet_Wald;mittel;Wald;5;10;20;geschätzt;HNO3-N Gasdep.;0.932178701755799;kg-N/ha/a;OSTLUFT
2022;OSD_Wald;Ossingen_Dachsenhuserriet_Wald;mittel;Wald;5;10;20;geschätzt;N-Deposition;26.0663266116162;kg-N/ha/a;OSTLUFT
2022;OSD_Wald;Ossingen_Dachsenhuserriet_Wald;mittel;Wald;5;10;20;geschätzt;NH3-N Gasdep.;13.5404985283648;kg-N/ha/a;OSTLUFT
2022;OSD_Wald;Ossingen_Dachsenhuserriet_Wald;mittel;Wald;5;10;20;geschätzt;NH4-N Gravitationsdep.;4.95408386496517;kg-N/ha/a;OSTLUFT
2022;OSD_Wald;Ossingen_Dachsenhuserriet_Wald;mittel;Wald;5;10;20;geschätzt;NH4-N Interzeption;0.521518639410445;kg-N/ha/a;OSTLUFT
2022;OSD_Wald;Ossingen_Dachsenhuserriet_Wald;mittel;Wald;5;10;20;geschätzt;NO2-N Gasdep.;3.35675011304348;kg-N/ha/a;OSTLUFT
2022;OSD_Wald;Ossingen_Dachsenhuserriet_Wald;mittel;Wald;5;10;20;geschätzt;NO3-N Gravitationsdep.;2.32919615099334;kg-N/ha/a;OSTLUFT
2022;OSD_Wald;Ossingen_Dachsenhuserriet_Wald;mittel;Wald;5;10;20;geschätzt;NO3-N Interzeption;0.432100613083222;kg-N/ha/a;OSTLUFT
2019;TAB;Tablat_Risihölzli;mittel;Trockenrasen;15;15;25;gemessen;HNO3-N Gasdep.;0.816728518757478;kg-N/ha/a;OSTLUFT
2019;TAB;Tablat_Risihölzli;mittel;Trockenrasen;15;15;25;gemessen;N-Deposition;17.6278534226818;kg-N/ha/a;OSTLUFT
2019;TAB;Tablat_Risihölzli;mittel;Trockenrasen;15;15;25;gemessen;NH3-N Gasdep.;6.31441687887102;kg-N/ha/a;OSTLUFT
2019;TAB;Tablat_Risihölzli;mittel;Trockenrasen;15;15;25;gemessen;NH4-N Gravitationsdep.;5.74773160182431;kg-N/ha/a;OSTLUFT
2019;TAB;Tablat_Risihölzli;mittel;Trockenrasen;15;15;25;gemessen;NH4-N Interzeption;0.408982953138411;kg-N/ha/a;OSTLUFT
2019;TAB;Tablat_Risihölzli;mittel;Trockenrasen;15;15;25;gemessen;NO2-N Gasdep.;0.883237372719416;kg-N/ha/a;OSTLUFT
2019;TAB;Tablat_Risihölzli;mittel;Trockenrasen;15;15;25;gemessen;NO3-N Gravitationsdep.;3.15669658525179;kg-N/ha/a;OSTLUFT
2019;TAB;Tablat_Risihölzli;mittel;Trockenrasen;15;15;25;gemessen;NO3-N Interzeption;0.300059512119376;kg-N/ha/a;OSTLUFT
2020;TAB;Tablat_Risihölzli;mittel;Trockenrasen;15;15;25;geschätzt;HNO3-N Gasdep.;0.712240016723516;kg-N/ha/a;OSTLUFT
2020;TAB;Tablat_Risihölzli;mittel;Trockenrasen;15;15;25;geschätzt;N-Deposition;17.3020535214579;kg-N/ha/a;OSTLUFT
2020;TAB;Tablat_Risihölzli;mittel;Trockenrasen;15;15;25;geschätzt;NH3-N Gasdep.;6.69368717760266;kg-N/ha/a;OSTLUFT
2020;TAB;Tablat_Risihölzli;mittel;Trockenrasen;15;15;25;geschätzt;NH4-N Gravitationsdep.;5.38638273283844;kg-N/ha/a;OSTLUFT
2020;TAB;Tablat_Risihölzli;mittel;Trockenrasen;15;15;25;geschätzt;NH4-N Interzeption;0.363540640149591;kg-N/ha/a;OSTLUFT
2020;TAB;Tablat_Risihölzli;mittel;Trockenrasen;15;15;25;geschätzt;NO2-N Gasdep.;1.15822815652174;kg-N/ha/a;OSTLUFT
2020;TAB;Tablat_Risihölzli;mittel;Trockenrasen;15;15;25;geschätzt;NO3-N Gravitationsdep.;2.71857417442018;kg-N/ha/a;OSTLUFT
2020;TAB;Tablat_Risihölzli;mittel;Trockenrasen;15;15;25;geschätzt;NO3-N Interzeption;0.269400623201746;kg-N/ha/a;OSTLUFT
2022;TAB;Tablat_Risihölzli;mittel;Trockenrasen;15;15;25;geschätzt;HNO3-N Gasdep.;0.741881440425707;kg-N/ha/a;OSTLUFT
2022;TAB;Tablat_Risihölzli;mittel;Trockenrasen;15;15;25;geschätzt;N-Deposition;17.8737791358582;kg-N/ha/a;OSTLUFT
2022;TAB;Tablat_Risihölzli;mittel;Trockenrasen;15;15;25;geschätzt;NH3-N Gasdep.;6.65816493138591;kg-N/ha/a;OSTLUFT
2022;TAB;Tablat_Risihölzli;mittel;Trockenrasen;15;15;25;geschätzt;NH4-N Gravitationsdep.;5.80827306000079;kg-N/ha/a;OSTLUFT
2022;TAB;Tablat_Risihölzli;mittel;Trockenrasen;15;15;25;geschätzt;NH4-N Interzeption;0.392333747674553;kg-N/ha/a;OSTLUFT
2022;TAB;Tablat_Risihölzli;mittel;Trockenrasen;15;15;25;geschätzt;NO2-N Gasdep.;1.05673022608696;kg-N/ha/a;OSTLUFT
2022;TAB;Tablat_Risihölzli;mittel;Trockenrasen;15;15;25;geschätzt;NO3-N Gravitationsdep.;2.91035394334574;kg-N/ha/a;OSTLUFT
2022;TAB;Tablat_Risihölzli;mittel;Trockenrasen;15;15;25;geschätzt;NO3-N Interzeption;0.306041786938548;kg-N/ha/a;OSTLUFT
2019;TAB_Wald;Tablat_Risihölzli_Wald;mittel;Wald;5;10;20;gemessen;HNO3-N Gasdep.;0.816728518757478;kg-N/ha/a;OSTLUFT
2019;TAB_Wald;Tablat_Risihölzli_Wald;mittel;Wald;5;10;20;gemessen;N-Deposition;26.8813654102483;kg-N/ha/a;OSTLUFT
2019;TAB_Wald;Tablat_Risihölzli_Wald;mittel;Wald;5;10;20;gemessen;NH3-N Gasdep.;13.6812365708872;kg-N/ha/a;OSTLUFT
2019;TAB_Wald;Tablat_Risihölzli_Wald;mittel;Wald;5;10;20;gemessen;NH4-N Gravitationsdep.;5.74773160182431;kg-N/ha/a;OSTLUFT
2019;TAB_Wald;Tablat_Risihölzli_Wald;mittel;Wald;5;10;20;gemessen;NH4-N Interzeption;0.817965906276823;kg-N/ha/a;OSTLUFT
2019;TAB_Wald;Tablat_Risihölzli_Wald;mittel;Wald;5;10;20;gemessen;NO2-N Gasdep.;2.06088720301197;kg-N/ha/a;OSTLUFT
2019;TAB_Wald;Tablat_Risihölzli_Wald;mittel;Wald;5;10;20;gemessen;NO3-N Gravitationsdep.;3.15669658525179;kg-N/ha/a;OSTLUFT
2019;TAB_Wald;Tablat_Risihölzli_Wald;mittel;Wald;5;10;20;gemessen;NO3-N Interzeption;0.600119024238752;kg-N/ha/a;OSTLUFT
2020;TAB_Wald;Tablat_Risihölzli_Wald;mittel;Wald;5;10;20;geschätzt;HNO3-N Gasdep.;0.712240016723516;kg-N/ha/a;OSTLUFT
2020;TAB_Wald;Tablat_Risihölzli_Wald;mittel;Wald;5;10;20;geschätzt;N-Deposition;27.288600700708;kg-N/ha/a;OSTLUFT
2020;TAB_Wald;Tablat_Risihölzli_Wald;mittel;Wald;5;10;20;geschätzt;NH3-N Gasdep.;14.5029888848058;kg-N/ha/a;OSTLUFT
2020;TAB_Wald;Tablat_Risihölzli_Wald;mittel;Wald;5;10;20;geschätzt;NH4-N Gravitationsdep.;5.38638273283844;kg-N/ha/a;OSTLUFT
2020;TAB_Wald;Tablat_Risihölzli_Wald;mittel;Wald;5;10;20;geschätzt;NH4-N Interzeption;0.727081280299182;kg-N/ha/a;OSTLUFT
2020;TAB_Wald;Tablat_Risihölzli_Wald;mittel;Wald;5;10;20;geschätzt;NO2-N Gasdep.;2.70253236521739;kg-N/ha/a;OSTLUFT
2020;TAB_Wald;Tablat_Risihölzli_Wald;mittel;Wald;5;10;20;geschätzt;NO3-N Gravitationsdep.;2.71857417442018;kg-N/ha/a;OSTLUFT
2020;TAB_Wald;Tablat_Risihölzli_Wald;mittel;Wald;5;10;20;geschätzt;NO3-N Interzeption;0.538801246403491;kg-N/ha/a;OSTLUFT
2022;TAB_Wald;Tablat_Risihölzli_Wald;mittel;Wald;5;10;20;geschätzt;HNO3-N Gasdep.;0.741881440425707;kg-N/ha/a;OSTLUFT
2022;TAB_Wald;Tablat_Risihölzli_Wald;mittel;Wald;5;10;20;geschätzt;N-Deposition;27.7489873918708;kg-N/ha/a;OSTLUFT
2022;TAB_Wald;Tablat_Risihölzli_Wald;mittel;Wald;5;10;20;geschätzt;NH3-N Gasdep.;14.4260240180028;kg-N/ha/a;OSTLUFT
2022;TAB_Wald;Tablat_Risihölzli_Wald;mittel;Wald;5;10;20;geschätzt;NH4-N Gravitationsdep.;5.80827306000079;kg-N/ha/a;OSTLUFT
2022;TAB_Wald;Tablat_Risihölzli_Wald;mittel;Wald;5;10;20;geschätzt;NH4-N Interzeption;0.784667495349105;kg-N/ha/a;OSTLUFT
2022;TAB_Wald;Tablat_Risihölzli_Wald;mittel;Wald;5;10;20;geschätzt;NO2-N Gasdep.;2.46570386086957;kg-N/ha/a;OSTLUFT
2022;TAB_Wald;Tablat_Risihölzli_Wald;mittel;Wald;5;10;20;geschätzt;NO3-N Gravitationsdep.;2.91035394334574;kg-N/ha/a;OSTLUFT
2022;TAB_Wald;Tablat_Risihölzli_Wald;mittel;Wald;5;10;20;geschätzt;NO3-N Interzeption;0.612083573877097;kg-N/ha/a;OSTLUFT
2021;WAB;Wasterkingen_Büelhalden;mittel;Trockenrasen;15;15;25;geschätzt;HNO3-N Gasdep.;0.724956250544923;kg-N/ha/a;OSTLUFT
2021;WAB;Wasterkingen_Büelhalden;mittel;Trockenrasen;15;15;25;geschätzt;N-Deposition;15.2876238025867;kg-N/ha/a;OSTLUFT
2021;WAB;Wasterkingen_Büelhalden;mittel;Trockenrasen;15;15;25;geschätzt;NH3-N Gasdep.;4.9544138859961;kg-N/ha/a;OSTLUFT
2021;WAB;Wasterkingen_Büelhalden;mittel;Trockenrasen;15;15;25;geschätzt;NH4-N Gravitationsdep.;5.22851262557052;kg-N/ha/a;OSTLUFT
2021;WAB;Wasterkingen_Büelhalden;mittel;Trockenrasen;15;15;25;geschätzt;NH4-N Interzeption;0.273410993485594;kg-N/ha/a;OSTLUFT
2021;WAB;Wasterkingen_Büelhalden;mittel;Trockenrasen;15;15;25;geschätzt;NO2-N Gasdep.;1.30495625217391;kg-N/ha/a;OSTLUFT
2021;WAB;Wasterkingen_Büelhalden;mittel;Trockenrasen;15;15;25;geschätzt;NO3-N Gravitationsdep.;2.59912144479134;kg-N/ha/a;OSTLUFT
2021;WAB;Wasterkingen_Büelhalden;mittel;Trockenrasen;15;15;25;geschätzt;NO3-N Interzeption;0.202252350024314;kg-N/ha/a;OSTLUFT
2021;WAB_Wald;Wasterkingen_Büelhalden_Wald;mittel;Wald;5;10;20;geschätzt;HNO3-N Gasdep.;0.724956250544923;kg-N/ha/a;OSTLUFT
2021;WAB_Wald;Wasterkingen_Büelhalden_Wald;mittel;Wald;5;10;20;geschätzt;N-Deposition;23.2833783493239;kg-N/ha/a;OSTLUFT
2021;WAB_Wald;Wasterkingen_Büelhalden_Wald;mittel;Wald;5;10;20;geschätzt;NH3-N Gasdep.;10.7345634196582;kg-N/ha/a;OSTLUFT
2021;WAB_Wald;Wasterkingen_Büelhalden_Wald;mittel;Wald;5;10;20;geschätzt;NH4-N Gravitationsdep.;5.22851262557052;kg-N/ha/a;OSTLUFT
2021;WAB_Wald;Wasterkingen_Büelhalden_Wald;mittel;Wald;5;10;20;geschätzt;NH4-N Interzeption;0.546821986971189;kg-N/ha/a;OSTLUFT
2021;WAB_Wald;Wasterkingen_Büelhalden_Wald;mittel;Wald;5;10;20;geschätzt;NO2-N Gasdep.;3.04489792173913;kg-N/ha/a;OSTLUFT
2021;WAB_Wald;Wasterkingen_Büelhalden_Wald;mittel;Wald;5;10;20;geschätzt;NO3-N Gravitationsdep.;2.59912144479134;kg-N/ha/a;OSTLUFT
2021;WAB_Wald;Wasterkingen_Büelhalden_Wald;mittel;Wald;5;10;20;geschätzt;NO3-N Interzeption;0.404504700048629;kg-N/ha/a;OSTLUFT
2021;WIH;Winterthur_Hoh Wülflingen;mittel;Trockenrasen;15;15;25;geschätzt;HNO3-N Gasdep.;0.906985013195008;kg-N/ha/a;OSTLUFT
2021;WIH;Winterthur_Hoh Wülflingen;mittel;Trockenrasen;15;15;25;geschätzt;N-Deposition;17.0177217886701;kg-N/ha/a;OSTLUFT
2021;WIH;Winterthur_Hoh Wülflingen;mittel;Trockenrasen;15;15;25;geschätzt;NH3-N Gasdep.;5.46684824425963;kg-N/ha/a;OSTLUFT
2021;WIH;Winterthur_Hoh Wülflingen;mittel;Trockenrasen;15;15;25;geschätzt;NH4-N Gravitationsdep.;5.28619267678746;kg-N/ha/a;OSTLUFT
2021;WIH;Winterthur_Hoh Wülflingen;mittel;Trockenrasen;15;15;25;geschätzt;NH4-N Interzeption;0.406605510856257;kg-N/ha/a;OSTLUFT
2021;WIH;Winterthur_Hoh Wülflingen;mittel;Trockenrasen;15;15;25;geschätzt;NO2-N Gasdep.;1.84291927826087;kg-N/ha/a;OSTLUFT
2021;WIH;Winterthur_Hoh Wülflingen;mittel;Trockenrasen;15;15;25;geschätzt;NO3-N Gravitationsdep.;2.80458085461099;kg-N/ha/a;OSTLUFT
2021;WIH;Winterthur_Hoh Wülflingen;mittel;Trockenrasen;15;15;25;geschätzt;NO3-N Interzeption;0.303590210699835;kg-N/ha/a;OSTLUFT
2022;WIH;Winterthur_Hoh Wülflingen;mittel;Trockenrasen;15;15;25;geschätzt;HNO3-N Gasdep.;1.04403067305091;kg-N/ha/a;OSTLUFT
2022;WIH;Winterthur_Hoh Wülflingen;mittel;Trockenrasen;15;15;25;geschätzt;N-Deposition;17.2326047134646;kg-N/ha/a;OSTLUFT
2022;WIH;Winterthur_Hoh Wülflingen;mittel;Trockenrasen;15;15;25;geschätzt;NH3-N Gasdep.;6.02753146974449;kg-N/ha/a;OSTLUFT
2022;WIH;Winterthur_Hoh Wülflingen;mittel;Trockenrasen;15;15;25;geschätzt;NH4-N Gravitationsdep.;5.200267358939;kg-N/ha/a;OSTLUFT
2022;WIH;Winterthur_Hoh Wülflingen;mittel;Trockenrasen;15;15;25;geschätzt;NH4-N Interzeption;0.371903375245045;kg-N/ha/a;OSTLUFT
2022;WIH;Winterthur_Hoh Wülflingen;mittel;Trockenrasen;15;15;25;geschätzt;NO2-N Gasdep.;1.73854197391304;kg-N/ha/a;OSTLUFT
2022;WIH;Winterthur_Hoh Wülflingen;mittel;Trockenrasen;15;15;25;geschätzt;NO3-N Gravitationsdep.;2.55889819734006;kg-N/ha/a;OSTLUFT
2022;WIH;Winterthur_Hoh Wülflingen;mittel;Trockenrasen;15;15;25;geschätzt;NO3-N Interzeption;0.291431665232084;kg-N/ha/a;OSTLUFT
2021;WIH_Wald;Winterthur_Hoh Wülflingen_Wald;mittel;Wald;5;10;20;geschätzt;HNO3-N Gasdep.;0.906985013195008;kg-N/ha/a;OSTLUFT
2021;WIH_Wald;Winterthur_Hoh Wülflingen_Wald;mittel;Wald;5;10;20;geschätzt;N-Deposition;26.5631328328769;kg-N/ha/a;OSTLUFT
2021;WIH_Wald;Winterthur_Hoh Wülflingen_Wald;mittel;Wald;5;10;20;geschätzt;NH3-N Gasdep.;11.8448378625625;kg-N/ha/a;OSTLUFT
2021;WIH_Wald;Winterthur_Hoh Wülflingen_Wald;mittel;Wald;5;10;20;geschätzt;NH4-N Gravitationsdep.;5.28619267678746;kg-N/ha/a;OSTLUFT
2021;WIH_Wald;Winterthur_Hoh Wülflingen_Wald;mittel;Wald;5;10;20;geschätzt;NH4-N Interzeption;0.813211021712513;kg-N/ha/a;OSTLUFT
2021;WIH_Wald;Winterthur_Hoh Wülflingen_Wald;mittel;Wald;5;10;20;geschätzt;NO2-N Gasdep.;4.3001449826087;kg-N/ha/a;OSTLUFT
2021;WIH_Wald;Winterthur_Hoh Wülflingen_Wald;mittel;Wald;5;10;20;geschätzt;NO3-N Gravitationsdep.;2.80458085461099;kg-N/ha/a;OSTLUFT
2021;WIH_Wald;Winterthur_Hoh Wülflingen_Wald;mittel;Wald;5;10;20;geschätzt;NO3-N Interzeption;0.60718042139967;kg-N/ha/a;OSTLUFT
2022;WIH_Wald;Winterthur_Hoh Wülflingen_Wald;mittel;Wald;5;10;20;geschätzt;HNO3-N Gasdep.;1.04403067305091;kg-N/ha/a;OSTLUFT
2022;WIH_Wald;Winterthur_Hoh Wülflingen_Wald;mittel;Wald;5;10;20;geschätzt;N-Deposition;27.2461157671944;kg-N/ha/a;OSTLUFT
2022;WIH_Wald;Winterthur_Hoh Wülflingen_Wald;mittel;Wald;5;10;20;geschätzt;NH3-N Gasdep.;13.0596515177797;kg-N/ha/a;OSTLUFT
2022;WIH_Wald;Winterthur_Hoh Wülflingen_Wald;mittel;Wald;5;10;20;geschätzt;NH4-N Gravitationsdep.;5.200267358939;kg-N/ha/a;OSTLUFT
2022;WIH_Wald;Winterthur_Hoh Wülflingen_Wald;mittel;Wald;5;10;20;geschätzt;NH4-N Interzeption;0.743806750490089;kg-N/ha/a;OSTLUFT
2022;WIH_Wald;Winterthur_Hoh Wülflingen_Wald;mittel;Wald;5;10;20;geschätzt;NO2-N Gasdep.;4.05659793913043;kg-N/ha/a;OSTLUFT
2022;WIH_Wald;Winterthur_Hoh Wülflingen_Wald;mittel;Wald;5;10;20;geschätzt;NO3-N Gravitationsdep.;2.55889819734006;kg-N/ha/a;OSTLUFT
2022;WIH_Wald;Winterthur_Hoh Wülflingen_Wald;mittel;Wald;5;10;20;geschätzt;NO3-N Interzeption;0.582863330464167;kg-N/ha/a;OSTLUFT
