;5436_0010;8000_0060;8000_0070;8000_0080;8000_0090;8000_0100;8000_0110;8000_0130;8000_0280;8000_0300;8000_0310;8000_0320;8000_0340;8000_0350;8000_0360;8000_0370;8000_0380;8000_0390;8000_0400;8000_0790;8000_0990;8000_1050;8000_1490;8000_1770;8102_0010;8103_0020;8103_0030;8104_0010;8104_0020;8104_0030;8104_0040;8104_0070;8105_0020;8105_0030;8105_0040;8105_0050;8105_0070;8106_0010;8126_0010;8134_0010;8134_0030;8142_0010;8143_0010;8143_0020;8152_0020;8152_0060;8152_0080;8152_0090;8152_0100;8152_0110;8153_0010;8157_0010;8164_0010;8180_0030;8180_0040;8180_0050;8180_0060;8181_0010;8185_0010;8245_0010;8302_0010;8303_0010;8305_0010;8306_0010;8308_0010;8308_0020;8330_0020;8330_0030;8400_0020;8400_0030;8400_0040;8400_0050;8400_0060;8400_0070;8400_0080;8400_0090;8400_0100;8400_0110;8400_0120;8400_0130;8400_0140;8400_0150;8400_0160;8400_0170;8400_0180;8400_0190;8400_0200;8400_0210;8400_0220;8400_0230;8400_0240;8400_0260;8400_0280;8400_0290;8400_0300;8400_0310;8400_0320;8400_0330;8400_0340;8400_0350;8400_0360;8400_0370;8400_0380;8400_0400;8442_0010;8451_0010;8488_0010;8488_0020;8604_0010;8610_0010;8620_0030;8620_0040;8620_0050;8620_0060;8620_0070;8620_0080;8627_0010;8630_0010;8700_0020;8706_0010;8706_0030;8733_0010;8810_0040;8810_0050;8810_0060;8810_0070;8810_0080;8820_0010;8820_0030;8903_0010;8903_0020;8903_0030;8903_0040;8903_0050;8903_0060;8903_0070;8903_0080;8903_0090;8903_0100;8906_0010;8906_0020;8906_0030;8907_0010;8907_0020;8907_0050;8907_0060;8907_0070;8907_0080;8907_0090;8907_0100;8907_0110;8907_0120;8908_0020;8910_0010;8910_0020;8910_0030;8912_0010;8912_0020;8912_0030;8912_0040;8913_0010;8913_0020;8913_0030;8913_0040;8932_0010;8932_0020;8932_0030;8934_0010;8934_0020;8934_0030;8934_0040;8934_0060;8952_0020;8952_0030;8952_0040;8952_0050;8952_0060;8953_0030;8953_0040;Bac_Sennenberg;Bac_Turm;Bul_Stadthalle;Hed_Affolternstrasse;Hor_Sekundarschule;Klo_Feld;Klo_Gerlisbergstrasse;Kno_Oberdorfstrasse;Mei_Bezirksgericht;Obf_Gugelrebenstrasse;Opf_Balsberg;Opf_Glattpark;Sch_Güterstrasse;Spr_Willenacher;Ust_Bildungszentrum;Wal_Dietlikonerstrasse;Wal_Dietlikonerstrasse;Wei_Nägelseestrasse;Wet_Filderen;Wet_Filderen;Wet_Weieraecher;Wez_Turnhallenstrasse;Wez_Turnhallenstrasse;Win_Neuhegi;Win_Obertor;Win_Obertor;Win_St.Gallerstrasse;Win_Veltheim;Wld_Höhenklinik;Wld_Höhenklinik;Zch_Heubeeribüel;Zch_Heubeeribüel;Zch_Rosengartenstrasse;Zch_Rosengartenstrasse;Zch_Schimmelstrasse;Zch_Schimmelstrasse;Zch_SchwamAlt;Zch_Schwamendingen;Zch_Schwamendingen;Zch_Stampfenbachstrasse;Zch_Stampfenbachstrasse;Win_Neuhegi;Klo_Gerlisbergstrasse;Opf_Balsberg;Opf_Glattpark;Zch_Rosengartenstrasse;Zch_Schimmelstrasse;Klo_Feld;Win_Veltheim;Zch_Heubeeribüel;Sch_Güterstrasse;Ust_Bildungszentrum;Wal_Dietlikonerstrasse;Wet_Weieraecher;Obf_Gugelrebenstrasse;Sch_Güterstrasse;Wet_Filderen;Kno_Oberdorfstrasse;Wez_Turnhallenstrasse;Wei_Nägelseestrasse;Zch_Heubeeribüel;Win_Obertor;Opf_Glattpark;Zch_Schimmelstrasse;Win_St.Gallerstrasse;Zch_Rosengartenstrasse;Zch_Stampfenbachstrasse;Hor_Sekundarschule;Opf_Balsberg;Zch_Schwamendingen;Mei_Bezirksgericht;Bul_Stadthalle;Wld_Höhenklinik;Win_Veltheim;Wet_Filderen;Win_Obertor;Bac_Turm;Zch_Heubeeribüel;Wet_Weieraecher;Wal_Dietlikonerstrasse;Wez_Turnhallenstrasse;Zch_Schimmelstrasse;Zch_Stampfenbachstrasse;Kno_Oberdorfstrasse;Zch_Rosengartenstrasse;Hor_Sekundarschule;Klo_Feld;Bac_Turm;Zch_Heubeeribüel;Win_Neuhegi;Wal_Dietlikonerstrasse;Zch_Stampfenbachstrasse;Wet_Weieraecher;Wld_Höhenklinik;Opf_Balsberg;Kno_Oberdorfstrasse;Opf_Glattpark;Win_St.Gallerstrasse;Ust_Bildungszentrum;Zch_Schimmelstrasse;Sch_Güterstrasse;Mei_Bezirksgericht;Bul_Stadthalle;Win_Obertor;Zch_Schwamendingen;Win_Veltheim;Wez_Turnhallenstrasse;Wei_Nägelseestrasse;Klo_Gerlisbergstrasse;Wet_Weieraecher;Hor_Sekundarschule;Klo_Feld;Wei_Nägelseestrasse;Mei_Bezirksgericht;Klo_Gerlisbergstrasse;Zch_Schimmelstrasse;Zch_Heubeeribüel;Sch_Güterstrasse;Zch_Rosengartenstrasse;Win_Veltheim;Win_Neuhegi;Bac_Turm;Win_Obertor;Wld_Höhenklinik;Win_St.Gallerstrasse;Zch_Schwamendingen;Wez_Turnhallenstrasse;Opf_Glattpark;Ust_Bildungszentrum;Opf_Balsberg;Wal_Dietlikonerstrasse;Zch_Stampfenbachstrasse;Bul_Stadthalle
;Airmet;Airmet;Airmet;Airmet;Airmet;Airmet;Airmet;Airmet;Airmet;Airmet;Airmet;Airmet;Airmet;Airmet;Airmet;Airmet;Airmet;Airmet;Airmet;Airmet;Airmet;Airmet;Airmet;Airmet;Airmet;Airmet;Airmet;Airmet;Airmet;Airmet;Airmet;Airmet;Airmet;Airmet;Airmet;Airmet;Airmet;Airmet;Airmet;Airmet;Airmet;Airmet;Airmet;Airmet;Airmet;Airmet;Airmet;Airmet;Airmet;Airmet;Airmet;Airmet;Airmet;Airmet;Airmet;Airmet;Airmet;Airmet;Airmet;Airmet;Airmet;Airmet;Airmet;Airmet;Airmet;Airmet;Airmet;Airmet;Airmet;Airmet;Airmet;Airmet;Airmet;Airmet;Airmet;Airmet;Airmet;Airmet;Airmet;Airmet;Airmet;Airmet;Airmet;Airmet;Airmet;Airmet;Airmet;Airmet;Airmet;Airmet;Airmet;Airmet;Airmet;Airmet;Airmet;Airmet;Airmet;Airmet;Airmet;Airmet;Airmet;Airmet;Airmet;Airmet;Airmet;Airmet;Airmet;Airmet;Airmet;Airmet;Airmet;Airmet;Airmet;Airmet;Airmet;Airmet;Airmet;Airmet;Airmet;Airmet;Airmet;Airmet;Airmet;Airmet;Airmet;Airmet;Airmet;Airmet;Airmet;Airmet;Airmet;Airmet;Airmet;Airmet;Airmet;Airmet;Airmet;Airmet;Airmet;Airmet;Airmet;Airmet;Airmet;Airmet;Airmet;Airmet;Airmet;Airmet;Airmet;Airmet;Airmet;Airmet;Airmet;Airmet;Airmet;Airmet;Airmet;Airmet;Airmet;Airmet;Airmet;Airmet;Airmet;Airmet;Airmet;Airmet;Airmet;Airmet;Airmet;Airmet;Airmet;Airmet;Airmet;Airmet;Airmet;Airmet;Airmet;Airmet;Airmet;Airmet;Airmet;Airmet;Airmet;Airmet;Airmet;Airmet;Airmet;Airmet;Airmet;Airmet;Airmet;Airmet;Airmet;Airmet;Airmet;Airmet;Airmet;Airmet;Airmet;Airmet;Airmet;Airmet;Airmet;Airmet;Airmet;Airmet;Airmet;Airmet;Airmet;Airmet;Airmet;Airmet;Airmet;Airmet;Airmet;Airmet;Airmet;Airmet;Airmet;Airmet;Airmet;Airmet;Airmet;Airmet;Airmet;Airmet;Airmet;Airmet;Airmet;Airmet;Airmet;Airmet;Airmet;Airmet;Airmet;Airmet;Airmet;Airmet;Airmet;Airmet;Airmet;Airmet;Airmet;Airmet;Airmet;Airmet;Airmet;Airmet;Airmet;Airmet;Airmet;Airmet;Airmet;Airmet;Airmet;Airmet;Airmet;Airmet;Airmet;Airmet;Airmet;Airmet;Airmet;Airmet;Airmet;Airmet;Airmet;Airmet;Airmet;Airmet;Airmet;Airmet;Airmet;Airmet;Airmet;Airmet;Airmet;Airmet;Airmet;Airmet;Airmet;Airmet;Airmet;Airmet;Airmet;Airmet;Airmet;Airmet;Airmet;Airmet;Airmet;Airmet;Airmet;Airmet;Airmet;Airmet;Airmet;Airmet;Airmet;Airmet;Airmet;Airmet;Airmet;Airmet;Airmet;Airmet;Airmet;Airmet;Airmet;Airmet;Airmet;Airmet
;Airmet;Airmet;Airmet;Airmet;Airmet;Airmet;Airmet;Airmet;Airmet;Airmet;Airmet;Airmet;Airmet;Airmet;Airmet;Airmet;Airmet;Airmet;Airmet;Airmet;Airmet;Airmet;Airmet;Airmet;Airmet;Airmet;Airmet;Airmet;Airmet;Airmet;Airmet;Airmet;Airmet;Airmet;Airmet;Airmet;Airmet;Airmet;Airmet;Airmet;Airmet;Airmet;Airmet;Airmet;Airmet;Airmet;Airmet;Airmet;Airmet;Airmet;Airmet;Airmet;Airmet;Airmet;Airmet;Airmet;Airmet;Airmet;Airmet;Airmet;Airmet;Airmet;Airmet;Airmet;Airmet;Airmet;Airmet;Airmet;Airmet;Airmet;Airmet;Airmet;Airmet;Airmet;Airmet;Airmet;Airmet;Airmet;Airmet;Airmet;Airmet;Airmet;Airmet;Airmet;Airmet;Airmet;Airmet;Airmet;Airmet;Airmet;Airmet;Airmet;Airmet;Airmet;Airmet;Airmet;Airmet;Airmet;Airmet;Airmet;Airmet;Airmet;Airmet;Airmet;Airmet;Airmet;Airmet;Airmet;Airmet;Airmet;Airmet;Airmet;Airmet;Airmet;Airmet;Airmet;Airmet;Airmet;Airmet;Airmet;Airmet;Airmet;Airmet;Airmet;Airmet;Airmet;Airmet;Airmet;Airmet;Airmet;Airmet;Airmet;Airmet;Airmet;Airmet;Airmet;Airmet;Airmet;Airmet;Airmet;Airmet;Airmet;Airmet;Airmet;Airmet;Airmet;Airmet;Airmet;Airmet;Airmet;Airmet;Airmet;Airmet;Airmet;Airmet;Airmet;Airmet;Airmet;Airmet;Airmet;Airmet;Airmet;Airmet;Airmet;Airmet;Airmet;Airmet;Airmet;Airmet;Airmet;Airmet;Airmet;Airmet;Airmet;Airmet;Airmet;Airmet;Airmet;Airmet;Airmet;Airmet;Airmet;Airmet;Airmet;Airmet;Airmet;Airmet;Airmet;Airmet;Airmet;Airmet;Airmet;Airmet;Airmet;Airmet;Airmet;Airmet;Airmet;Airmet;Airmet;Airmet;Airmet;Airmet;Airmet;Airmet;Airmet;Airmet;Airmet;Airmet;Airmet;Airmet;Airmet;Airmet;Airmet;Airmet;Airmet;Airmet;Airmet;Airmet;Airmet;Airmet;Airmet;Airmet;Airmet;Airmet;Airmet;Airmet;Airmet;Airmet;Airmet;Airmet;Airmet;Airmet;Airmet;Airmet;Airmet;Airmet;Airmet;Airmet;Airmet;Airmet;Airmet;Airmet;Airmet;Airmet;Airmet;Airmet;Airmet;Airmet;Airmet;Airmet;Airmet;Airmet;Airmet;Airmet;Airmet;Airmet;Airmet;Airmet;Airmet;Airmet;Airmet;Airmet;Airmet;Airmet;Airmet;Airmet;Airmet;Airmet;Airmet;Airmet;Airmet;Airmet;Airmet;Airmet;Airmet;Airmet;Airmet;Airmet;Airmet;Airmet;Airmet;Airmet;Airmet;Airmet;Airmet;Airmet;Airmet;Airmet;Airmet;Airmet;Airmet;Airmet;Airmet;Airmet;Airmet;Airmet;Airmet;Airmet;Airmet;Airmet;Airmet;Airmet;Airmet;Airmet;Airmet;Airmet;Airmet;Airmet;Airmet;Airmet;Airmet
;NO2_PS;NO2_PS;NO2_PS;NO2_PS;NO2_PS;NO2_PS;NO2_PS;NO2_PS;NO2_PS;NO2_PS;NO2_PS;NO2_PS;NO2_PS;NO2_PS;NO2_PS;NO2_PS;NO2_PS;NO2_PS;NO2_PS;NO2_PS;NO2_PS;NO2_PS;NO2_PS;NO2_PS;NO2_PS;NO2_PS;NO2_PS;NO2_PS;NO2_PS;NO2_PS;NO2_PS;NO2_PS;NO2_PS;NO2_PS;NO2_PS;NO2_PS;NO2_PS;NO2_PS;NO2_PS;NO2_PS;NO2_PS;NO2_PS;NO2_PS;NO2_PS;NO2_PS;NO2_PS;NO2_PS;NO2_PS;NO2_PS;NO2_PS;NO2_PS;NO2_PS;NO2_PS;NO2_PS;NO2_PS;NO2_PS;NO2_PS;NO2_PS;NO2_PS;NO2_PS;NO2_PS;NO2_PS;NO2_PS;NO2_PS;NO2_PS;NO2_PS;NO2_PS;NO2_PS;NO2_PS;NO2_PS;NO2_PS;NO2_PS;NO2_PS;NO2_PS;NO2_PS;NO2_PS;NO2_PS;NO2_PS;NO2_PS;NO2_PS;NO2_PS;NO2_PS;NO2_PS;NO2_PS;NO2_PS;NO2_PS;NO2_PS;NO2_PS;NO2_PS;NO2_PS;NO2_PS;NO2_PS;NO2_PS;NO2_PS;NO2_PS;NO2_PS;NO2_PS;NO2_PS;NO2_PS;NO2_PS;NO2_PS;NO2_PS;NO2_PS;NO2_PS;NO2_PS;NO2_PS;NO2_PS;NO2_PS;NO2_PS;NO2_PS;NO2_PS;NO2_PS;NO2_PS;NO2_PS;NO2_PS;NO2_PS;NO2_PS;NO2_PS;NO2_PS;NO2_PS;NO2_PS;NO2_PS;NO2_PS;NO2_PS;NO2_PS;NO2_PS;NO2_PS;NO2_PS;NO2_PS;NO2_PS;NO2_PS;NO2_PS;NO2_PS;NO2_PS;NO2_PS;NO2_PS;NO2_PS;NO2_PS;NO2_PS;NO2_PS;NO2_PS;NO2_PS;NO2_PS;NO2_PS;NO2_PS;NO2_PS;NO2_PS;NO2_PS;NO2_PS;NO2_PS;NO2_PS;NO2_PS;NO2_PS;NO2_PS;NO2_PS;NO2_PS;NO2_PS;NO2_PS;NO2_PS;NO2_PS;NO2_PS;NO2_PS;NO2_PS;NO2_PS;NO2_PS;NO2_PS;NO2_PS;NO2_PS;NO2_PS;NO2_PS;NO2_PS;NO2_PS;NO2_PS;NO2_PS;NO2_PS;NO2_PS;NO2_PS;NO2_PS;NO2_PS;NO2_PS;NO2;NO2;NO2_PS;NO2;NO2;NO2;NO2;NO2;NO2;NO2;NO2;NO2;NO2;NO2;NO2_PS;NO2;NO2;NO2_PS;NO2;NO2;NO2_PS;NO2;NO2;NO2_PS;NO2;NO2;NO2;NO2_PS;NO2;NO2_PS;NO2;NO2_PS;NO2;NO2_PS;NO2;NO2_PS;NO2_PS;NO2;NO2;PM2.5;PM2.5;PM2.5;PM2.5;PM2.5;PM2.5;PM2.5;PM2.5;PM2.5;PM2.5;PM2.5;PM2.5;PM10;PM10;PM10;PM10;PM10;PM10;PM10;PM10;PM10;PM10;PM10;PM10;PM10;PM10;PM10;PM10;PM10;PM10;PM10;PM10;PM10;PM10;PM10h;PM10h;PM10h;PM10h;PM10h;PM10h;PM10h;PM10h;PM10h;PM10h;PM10h;O3_max_98%_m1;O3_max_98%_m1;O3_max_98%_m1;O3_max_98%_m1;O3_max_98%_m1;O3_max_98%_m1;O3_max_98%_m1;O3_max_98%_m1;O3_max_98%_m1;O3_max_98%_m1;O3_max_98%_m1;O3_max_98%_m1;O3_max_98%_m1;O3_max_98%_m1;O3_max_98%_m1;O3_max_98%_m1;O3_max_98%_m1;O3_max_98%_m1;O3_max_98%_m1;O3_max_98%_m1;O3_max_98%_m1;O3_max_98%_m1;O3_max_98%_m1;O3_max_98%_m1;O3_nb_h1>120;O3_nb_h1>120;O3_nb_h1>120;O3_nb_h1>120;O3_nb_h1>120;O3_nb_h1>120;O3_nb_h1>120;O3_nb_h1>120;O3_nb_h1>120;O3_nb_h1>120;O3_nb_h1>120;O3_nb_h1>120;O3_nb_h1>120;O3_nb_h1>120;O3_nb_h1>120;O3_nb_h1>120;O3_nb_h1>120;O3_nb_h1>120;O3_nb_h1>120;O3_nb_h1>120;O3_nb_h1>120;O3_nb_h1>120;O3_nb_h1>120;O3_nb_h1>120
;Alle ;Alle ;Alle ;Alle ;Alle ;Alle ;Alle ;Alle ;Alle ;Alle ;Alle ;Alle ;Alle ;Alle ;Alle ;Alle ;Alle ;Alle ;Alle ;Alle ;Alle ;Alle ;Alle ;Alle ;Alle ;Alle ;Alle ;Alle ;Alle ;Alle ;Alle ;Alle ;Alle ;Alle ;Alle ;Alle ;Alle ;Alle ;Alle ;Alle ;Alle ;Alle ;Alle ;Alle ;Alle ;Alle ;Alle ;Alle ;Alle ;Alle ;Alle ;Alle ;Alle ;Alle ;Alle ;Alle ;Alle ;Alle ;Alle ;Alle ;Alle ;Alle ;Alle ;Alle ;Alle ;Alle ;Alle ;Alle ;Alle ;Alle ;Alle ;Alle ;Alle ;Alle ;Alle ;Alle ;Alle ;Alle ;Alle ;Alle ;Alle ;Alle ;Alle ;Alle ;Alle ;Alle ;Alle ;Alle ;Alle ;Alle ;Alle ;Alle ;Alle ;Alle ;Alle ;Alle ;Alle ;Alle ;Alle ;Alle ;Alle ;Alle ;Alle ;Alle ;Alle ;Alle ;Alle ;Alle ;Alle ;Alle ;Alle ;Alle ;Alle ;Alle ;Alle ;Alle ;Alle ;Alle ;Alle ;Alle ;Alle ;Alle ;Alle ;Alle ;Alle ;Alle ;Alle ;Alle ;Alle ;Alle ;Alle ;Alle ;Alle ;Alle ;Alle ;Alle ;Alle ;Alle ;Alle ;Alle ;Alle ;Alle ;Alle ;Alle ;Alle ;Alle ;Alle ;Alle ;Alle ;Alle ;Alle ;Alle ;Alle ;Alle ;Alle ;Alle ;Alle ;Alle ;Alle ;Alle ;Alle ;Alle ;Alle ;Alle ;Alle ;Alle ;Alle ;Alle ;Alle ;Alle ;Alle ;Alle ;Alle ;Alle ;Alle ;Alle ;Alle ;Alle ;Alle ;Alle ;Alle ;Alle ;Alle ;Alle ;Alle ;Alle ;Alle ;Alle ;Alle ;Alle ;Alle ;Alle ;Alle ;Alle ;Alle ;Alle ;Alle ;Alle ;Alle ;Alle ;Alle ;Alle ;Alle ;Alle ;Alle ;Alle ;Alle ;Alle ;Alle ;Alle ;Alle ;Alle ;Alle ;Alle ;Alle ;Alle ;Alle ;Alle ;Alle ;Alle ;Alle ;Alle ;Alle ;Alle ;Alle ;Alle ;Alle ;Alle ;Alle ;Alle ;Alle ;Alle ;Alle ;Alle ;Alle ;Alle ;Alle ;Alle ;Alle ;Alle ;Alle ;Alle ;Alle ;Alle ;Alle ;Alle ;Alle ;Alle ;Alle ;Alle ;Alle ;Alle ;Alle ;Alle ;Alle ;Alle ;Alle ;Alle ;Alle ;Alle ;Alle ;Alle ;Alle ;Alle ;Alle ;Alle ;Alle ;Alle ;Alle ;Alle ;Alle ;Alle ;Alle ;Alle ;Alle ;Alle ;Alle ;Alle ;Alle ;Alle ;Alle ;Alle ;Alle ;Alle ;Alle ;Alle ;Alle ;Alle ;Alle ;Alle ;Alle ;Alle ;Alle ;Alle ;Alle ;Alle ;Alle ;Alle ;Alle ;Alle ;Alle ;Alle ;Alle ;Alle ;Alle ;Alle ;Alle ;Alle ;Alle ;Alle ;Alle ;Alle 
;;;;;;;;;;;;;;;;;;;;;;;;;;;;;;;;;;;;;;;;;;;;;;;;;;;;;;;;;;;;;;;;;;;;;;;;;;;;;;;;;;;;;;;;;;;;;;;;;;;;;;;;;;;;;;;;;;;;;;;;;;;;;;;;;;;;;;;;;;;;;;;;;;;;;;;;;;;;;;;;;;;;;;;;;;;;;;;;;;;;;Vertikale Verdichtung (Mittelwert);Vertikale Verdichtung (Mittelwert);;Vertikale Verdichtung (Mittelwert);Vertikale Verdichtung (Mittelwert);Vertikale Verdichtung (Mittelwert);Vertikale Verdichtung (Mittelwert);Vertikale Verdichtung (Mittelwert);Vertikale Verdichtung (Mittelwert);Vertikale Verdichtung (Mittelwert);Vertikale Verdichtung (Mittelwert);Vertikale Verdichtung (Mittelwert);Vertikale Verdichtung (Mittelwert);Vertikale Verdichtung (Mittelwert);;Vertikale Verdichtung (Mittelwert);Vertikale Verdichtung (Mittelwert);;Vertikale Verdichtung (Mittelwert);Vertikale Verdichtung (Mittelwert);;Vertikale Verdichtung (Mittelwert);Vertikale Verdichtung (Mittelwert);;Vertikale Verdichtung (Mittelwert);Vertikale Verdichtung (Mittelwert);Vertikale Verdichtung (Mittelwert);;Vertikale Verdichtung (Mittelwert);;Vertikale Verdichtung (Mittelwert);;Vertikale Verdichtung (Mittelwert);;Vertikale Verdichtung (Mittelwert);;;Vertikale Verdichtung (Mittelwert);Vertikale Verdichtung (Mittelwert);Vertikale Verdichtung (Mittelwert);Vertikale Verdichtung (Mittelwert);Vertikale Verdichtung (Mittelwert);Vertikale Verdichtung (Mittelwert);Vertikale Verdichtung (Mittelwert);Vertikale Verdichtung (Mittelwert);Vertikale Verdichtung (Mittelwert);Vertikale Verdichtung (Mittelwert);Vertikale Verdichtung (Mittelwert);Vertikale Verdichtung (Mittelwert);Vertikale Verdichtung (Mittelwert);Vertikale Verdichtung (Mittelwert);Vertikale Verdichtung (Mittelwert);Vertikale Verdichtung (Mittelwert);Vertikale Verdichtung (Mittelwert);Vertikale Verdichtung (Mittelwert);Vertikale Verdichtung (Mittelwert);Vertikale Verdichtung (Mittelwert);Vertikale Verdichtung (Mittelwert);Vertikale Verdichtung (Mittelwert);Vertikale Verdichtung (Mittelwert);Vertikale Verdichtung (Mittelwert);Vertikale Verdichtung (Mittelwert);Vertikale Verdichtung (Mittelwert);Vertikale Verdichtung (Mittelwert);Vertikale Verdichtung (Mittelwert);Vertikale Verdichtung (Mittelwert);Vertikale Verdichtung (Mittelwert);Vertikale Verdichtung (Mittelwert);Vertikale Verdichtung (Mittelwert);Vertikale Verdichtung (Mittelwert);Vertikale Verdichtung (Mittelwert);Vertikale Verdichtung (Mittelwert);Vertikale Verdichtung (Mittelwert);Vertikale Verdichtung (Mittelwert);Vertikale Verdichtung (Mittelwert);Vertikale Verdichtung (Mittelwert);Vertikale Verdichtung (Mittelwert);Vertikale Verdichtung (Mittelwert);Vertikale Verdichtung (Mittelwert);Vertikale Verdichtung (Mittelwert);Vertikale Verdichtung (Mittelwert);Vertikale Verdichtung (Mittelwert);Vertikale Verdichtung (Mittelwert);Vertikale Verdichtung (Mittelwert);Vertikale Verdichtung (Maximum);Vertikale Verdichtung (Maximum);Vertikale Verdichtung (Maximum);Vertikale Verdichtung (Maximum);Vertikale Verdichtung (Maximum);Vertikale Verdichtung (Maximum);Vertikale Verdichtung (Maximum);Vertikale Verdichtung (Maximum);Vertikale Verdichtung (Maximum);Vertikale Verdichtung (Maximum);Vertikale Verdichtung (Maximum);Vertikale Verdichtung (Maximum);Vertikale Verdichtung (Maximum);Vertikale Verdichtung (Maximum);Vertikale Verdichtung (Maximum);Vertikale Verdichtung (Maximum);Vertikale Verdichtung (Maximum);Vertikale Verdichtung (Maximum);Vertikale Verdichtung (Maximum);Vertikale Verdichtung (Maximum);Vertikale Verdichtung (Maximum);Vertikale Verdichtung (Maximum);Vertikale Verdichtung (Maximum);Vertikale Verdichtung (Maximum);Vertikale Verdichtung (Anzahl mit Filter);Vertikale Verdichtung (Anzahl mit Filter);Vertikale Verdichtung (Anzahl mit Filter);Vertikale Verdichtung (Anzahl mit Filter);Vertikale Verdichtung (Anzahl mit Filter);Vertikale Verdichtung (Anzahl mit Filter);Vertikale Verdichtung (Anzahl mit Filter);Vertikale Verdichtung (Anzahl mit Filter);Vertikale Verdichtung (Anzahl mit Filter);Vertikale Verdichtung (Anzahl mit Filter);Vertikale Verdichtung (Anzahl mit Filter);Vertikale Verdichtung (Anzahl mit Filter);Vertikale Verdichtung (Anzahl mit Filter);Vertikale Verdichtung (Anzahl mit Filter);Vertikale Verdichtung (Anzahl mit Filter);Vertikale Verdichtung (Anzahl mit Filter);Vertikale Verdichtung (Anzahl mit Filter);Vertikale Verdichtung (Anzahl mit Filter);Vertikale Verdichtung (Anzahl mit Filter);Vertikale Verdichtung (Anzahl mit Filter);Vertikale Verdichtung (Anzahl mit Filter);Vertikale Verdichtung (Anzahl mit Filter);Vertikale Verdichtung (Anzahl mit Filter);Vertikale Verdichtung (Anzahl mit Filter)
;µg/m3;µg/m3;µg/m3;µg/m3;µg/m3;µg/m3;µg/m3;µg/m3;µg/m3;µg/m3;µg/m3;µg/m3;µg/m3;µg/m3;µg/m3;µg/m3;µg/m3;µg/m3;µg/m3;µg/m3;µg/m3;µg/m3;µg/m3;µg/m3;µg/m3;µg/m3;µg/m3;µg/m3;µg/m3;µg/m3;µg/m3;µg/m3;µg/m3;µg/m3;µg/m3;µg/m3;µg/m3;µg/m3;µg/m3;µg/m3;µg/m3;µg/m3;µg/m3;µg/m3;µg/m3;µg/m3;µg/m3;µg/m3;µg/m3;µg/m3;µg/m3;µg/m3;µg/m3;µg/m3;µg/m3;µg/m3;µg/m3;µg/m3;µg/m3;µg/m3;µg/m3;µg/m3;µg/m3;µg/m3;µg/m3;µg/m3;µg/m3;µg/m3;µg/m3;µg/m3;µg/m3;µg/m3;µg/m3;µg/m3;µg/m3;µg/m3;µg/m3;µg/m3;µg/m3;µg/m3;µg/m3;µg/m3;µg/m3;µg/m3;µg/m3;µg/m3;µg/m3;µg/m3;µg/m3;µg/m3;µg/m3;µg/m3;µg/m3;µg/m3;µg/m3;µg/m3;µg/m3;µg/m3;µg/m3;µg/m3;µg/m3;µg/m3;µg/m3;µg/m3;µg/m3;µg/m3;µg/m3;µg/m3;µg/m3;µg/m3;µg/m3;µg/m3;µg/m3;µg/m3;µg/m3;µg/m3;µg/m3;µg/m3;µg/m3;µg/m3;µg/m3;µg/m3;µg/m3;µg/m3;µg/m3;µg/m3;µg/m3;µg/m3;µg/m3;µg/m3;µg/m3;µg/m3;µg/m3;µg/m3;µg/m3;µg/m3;µg/m3;µg/m3;µg/m3;µg/m3;µg/m3;µg/m3;µg/m3;µg/m3;µg/m3;µg/m3;µg/m3;µg/m3;µg/m3;µg/m3;µg/m3;µg/m3;µg/m3;µg/m3;µg/m3;µg/m3;µg/m3;µg/m3;µg/m3;µg/m3;µg/m3;µg/m3;µg/m3;µg/m3;µg/m3;µg/m3;µg/m3;µg/m3;µg/m3;µg/m3;µg/m3;µg/m3;µg/m3;µg/m3;µg/m3;µg/m3;µg/m3;µg/m3;µg/m3;µg/m3;µg/m3;µg/m3;µg/m3;µg/m3;µg/m3;µg/m3;µg/m3;µg/m3;µg/m3;µg/m3;µg/m3;µg/m3;µg/m3;µg/m3;µg/m3;µg/m3;µg/m3;µg/m3;µg/m3;µg/m3;µg/m3;µg/m3;µg/m3;µg/m3;µg/m3;µg/m3;µg/m3;µg/m3;µg/m3;µg/m3;µg/m3;µg/m3;µg/m3;µg/m3;µg/m3;µg/m3;µg/m3;µg/m3;µg/m3;µg/m3;µg/m3;µg/m3;µg/m3;µg/m3;µg/m3;µg/m3;µg/m3;µg/m3;µg/m3;µg/m3;µg/m3;µg/m3;µg/m3;µg/m3;µg/m3;µg/m3;µg/m3;µg/m3;µg/m3;µg/m3;µg/m3;µg/m3;µg/m3;µg/m3;µg/m3;µg/m3;µg/m3;µg/m3;µg/m3;µg/m3;µg/m3;µg/m3;µg/m3;µg/m3;µg/m3;µg/m3;µg/m3;µg/m3;µg/m3;µg/m3;µg/m3;µg/m3;µg/m3;µg/m3;µg/m3;µg/m3;µg/m3;µg/m3;µg/m3;µg/m3;µg/m3;µg/m3;µg/m3;µg/m3;µg/m3;µg/m3;µg/m3;µg/m3;µg/m3;µg/m3;µg/m3;µg/m3;µg/m3;µg/m3;µg/m3;µg/m3;µg/m3;µg/m3;1;1;1;1;1;1;1;1;1;1;1;1;1;1;1;1;1;1;1;1;1;1;1;1
;y1;y1;y1;y1;y1;y1;y1;y1;y1;y1;y1;y1;y1;y1;y1;y1;y1;y1;y1;y1;y1;y1;y1;y1;y1;y1;y1;y1;y1;y1;y1;y1;y1;y1;y1;y1;y1;y1;y1;y1;y1;y1;y1;y1;y1;y1;y1;y1;y1;y1;y1;y1;y1;y1;y1;y1;y1;y1;y1;y1;y1;y1;y1;y1;y1;y1;y1;y1;y1;y1;y1;y1;y1;y1;y1;y1;y1;y1;y1;y1;y1;y1;y1;y1;y1;y1;y1;y1;y1;y1;y1;y1;y1;y1;y1;y1;y1;y1;y1;y1;y1;y1;y1;y1;y1;y1;y1;y1;y1;y1;y1;y1;y1;y1;y1;y1;y1;y1;y1;y1;y1;y1;y1;y1;y1;y1;y1;y1;y1;y1;y1;y1;y1;y1;y1;y1;y1;y1;y1;y1;y1;y1;y1;y1;y1;y1;y1;y1;y1;y1;y1;y1;y1;y1;y1;y1;y1;y1;y1;y1;y1;y1;y1;y1;y1;y1;y1;y1;y1;y1;y1;y1;y1;y1;y1;y1;y1;y1;y1;y1;y1;y1;y1;y1;y1;y1;y1;y1;y1;y1;y1;y1;y1;y1;y1;y1;y1;y1;y1;y1;y1;y1;y1;y1;y1;y1;y1;y1;y1;y1;y1;y1;y1;y1;y1;y1;y1;y1;y1;y1;y1;y1;y1;y1;y1;y1;y1;y1;y1;y1;y1;y1;y1;y1;y1;y1;y1;y1;y1;y1;y1;y1;y1;y1;y1;y1;y1;y1;y1;y1;y1;y1;y1;y1;y1;y1;y1;y1;y1;y1;y1;y1;y1;y1;y1;y1;y1;y1;y1;y1;y1;y1;y1;y1;y1;y1;y1;y1;y1;y1;y1;y1;y1;y1;y1;y1;y1;y1;y1;y1;y1;y1;y1;y1;y1;y1;y1;y1;y1;y1;y1;y1;y1;y1;y1;y1;y1;y1;y1;y1;y1;y1
Startzeit;Final;Final;Final;Final;Final;Final;Final;Final;Final;Final;Final;Final;Final;Final;Final;Final;Final;Final;Final;Final;Final;Final;Final;Final;Final;Final;Final;Final;Final;Final;Final;Final;Final;Final;Final;Final;Final;Final;Final;Final;Final;Final;Final;Final;Final;Final;Final;Final;Final;Final;Final;Final;Final;Final;Final;Final;Final;Final;Final;Final;Final;Final;Final;Final;Final;Final;Final;Final;Final;Final;Final;Final;Final;Final;Final;Final;Final;Final;Final;Final;Final;Final;Final;Final;Final;Final;Final;Final;Final;Final;Final;Final;Final;Final;Final;Final;Final;Final;Final;Final;Final;Final;Final;Final;Final;Final;Final;Final;Final;Final;Final;Final;Final;Final;Final;Final;Final;Final;Final;Final;Final;Final;Final;Final;Final;Final;Final;Final;Final;Final;Final;Final;Final;Final;Final;Final;Final;Final;Final;Final;Final;Final;Final;Final;Final;Final;Final;Final;Final;Final;Final;Final;Final;Final;Final;Final;Final;Final;Final;Final;Final;Final;Final;Final;Final;Final;Final;Final;Final;Final;Final;Final;Final;Final;Final;Final;Final;Final;Final;Final;Berechnet;Berechnet;Final;Berechnet;Berechnet;Berechnet;Berechnet;Berechnet;Berechnet;Berechnet;Berechnet;Berechnet;Berechnet;Berechnet;Final;Berechnet;Berechnet;Final;Berechnet;Berechnet;Final;Berechnet;Berechnet;Final;Berechnet;Berechnet;Berechnet;Final;Berechnet;Final;Berechnet;Final;Berechnet;Final;Berechnet;Final;Final;Berechnet;Berechnet;Berechnet;Berechnet;Berechnet;Berechnet;Berechnet;Berechnet;Berechnet;Berechnet;Berechnet;Berechnet;Berechnet;Berechnet;Berechnet;Berechnet;Berechnet;Berechnet;Berechnet;Berechnet;Berechnet;Berechnet;Berechnet;Berechnet;Berechnet;Berechnet;Berechnet;Berechnet;Berechnet;Berechnet;Berechnet;Berechnet;Berechnet;Berechnet;Berechnet;Berechnet;Berechnet;Berechnet;Berechnet;Berechnet;Berechnet;Berechnet;Berechnet;Berechnet;Berechnet;Berechnet;Berechnet;Berechnet;Berechnet;Berechnet;Berechnet;Berechnet;Berechnet;Berechnet;Berechnet;Berechnet;Berechnet;Berechnet;Berechnet;Berechnet;Berechnet;Berechnet;Berechnet;Berechnet;Berechnet;Berechnet;Berechnet;Berechnet;Berechnet;Berechnet;Berechnet;Berechnet;Berechnet;Berechnet;Berechnet;Berechnet;Berechnet;Berechnet;Berechnet;Berechnet;Berechnet;Berechnet;Berechnet;Berechnet;Berechnet;Berechnet;Berechnet;Berechnet;Berechnet;Berechnet;Berechnet;Berechnet;Berechnet;Berechnet;Berechnet
01.01.1990 00:00;;;;;;;;;;;;;;;;;;;;;;;;;;;;;;;;;;;;;;;;;;;;;;;;;;;;;;;;;;;;;;;;;;;;;;;;;;;;;;;;;;;;;;;;;;;;;;;;;;;;;;;;;;;;;;;;;;;;;;;;;;;;;;;;;;;;;;;;;;;;;;;;;;;;;;;;;;;;;;;;;;;;;;;;;;;;;;;;;;;;;;;;;;;;;;;;;;;;36.88858316;;;;;;;;;;;;;;;;;;;67.88212581;;;;58.93980149;;;;;;;;;;;;;;;;;;;;;;;;;;;;;;;;;;;;;;;;;;;;;;;;;;;193.3154925;;;;;;;;;116.9341241;;;;;;;;;;;;;;;;14;;;;;;;;;;;;;;;490;;
01.01.1991 00:00;;;;;;;;;;;;;;;;;;;;;;;;;;;;;;;;;;;;;;;;;;;;;;;;;;;;;;;;;;;;;;;;;;;;;;;;;;;;;;;;;;;;;;;;;;;;;;;;;;;;;;;;;;;;;;;;;;;;;;;;;;;;;;;;;;;;;;;;;;;;;;;;;;;;;;;;;;;;;;;;;;;;;;;;;;;;;;;;;;;;;;;;;;;;;;;;;;;;36.29776125;;;;;;;;;;;;;;;;;;;65.08385967;;;;53.70485602;;;;;;;;;;;;;;;;;;;;;;;;;;;;;;;;;;;;;;;;;;;;;;;;152.2184978;;;180.3240536;146.4988304;;;;;;;;;;;;;;;;;;;;;;;;;;;;;;722;;;;;;;;;576;183;
01.01.1992 00:00;;;;;;;;;;;;;;;;;;;;;;;;;;;;;;;;;;;;;;;;;;;;;;;;;;;;;;;;;;;;;;;;;;;;;;;;;;;;;;;;;;;;;;;;;;;;;;;;;;;;;;;;;;;;;;;;;;;;;;;;;;31.30726242;;;;;;;;;;;;;;;;;;;;;;;;;;;;;;;;;;;;;;;;;;;;;;;;;;;;;;;;;;;;;;;;;;;;;;;;;;33.88511506;;;;;;;;;40.08266386;;;;;;;;;;;;;;49.40338861;;;;;;;;;;;;;;;;;;;;;;;;;;;;;;;;;;;;;;;;;;;;;;;;173.4692363;;;164.7630484;165.306087;;;;;;;;;;;;140.6474924;;;;;;;;;;;;;;;;;;;144;;;;;;;;236;230;
01.01.1993 00:00;;;;;;;;;;;;;;;;;;;;;;;;;;;;;;;;;;;;;;;;;;;;;;;;;;;;;;;;;;;;;;;;;;;;;;;;;;;;;;;;;;;;;;;;;;;;;;;;;;;;;;;;;;;;;;;;;;;;;;;;;;29.7692852;;;;;;;;;;;;;;;;;;;;;;;;;;;;;;;;;;;;;;;;;;;;;;;;;;;;;;;;;;;;;;;;;;;;;;;;;;29.98393378;;;;;;;;;;;;;;;;;;;58.47349631;;;;45.74210809;;;;;;;;;;;;;;;;;;;;;;;;;;;;;;;;;;;;;;;;;;;;;;;;188.6711275;;;159.5401383;146.7565786;;;;;;;;125.2038002;;;;133.1103794;;;;;;;;;;;;46;;;;;;1392;135;;;;;;;;372;211;
01.01.1994 00:00;;45.08;;58.17;50.15;28.41;32.09;;37.03;30.02;32.38;34.61;35.54;30.87;31.71;28.81;33.03;38.43;43.56;;;;;;;;;;;;;;;;;;;;;;;;;;;;;;;;;;;;;;;;;;;;;;;;;;22;44;55;28;40;31;29;26;;;;;;;;;;;;;;;;;;;;;;;;;;;;;;;;;;;;;;;;;;;;;;30.64813042;;;;;;;;;;;;;;;;;;;;;;;;;;;;;;;;;;;;;;;;;;;;;;;;;;;;;;;;;;;8.252243794;;;;;;;;;;;;;;;28.25451882;;;;;;;;;38.36036038;;;;;;;;;57.28;57.9867756;34.79;;;45.59002549;;;;;;;;;;;;;;;;;;;;;;;;;;;;;;;;;;;;;;;;;;;;;;;;192.3419322;;;186.4447112;177.5948897;;;;;;;;142.1589008;;;;;;;;;;;;;;;;98;;;;;;1149;;;;;;;;;435;339;
01.01.1995 00:00;;46.06;;;;;32.59;;;;;;;;;;;;;;;;;;;;;;;;;;;;;;;;;;;;;;;;;;;;;;;;;;;;;;;;;;;;;;22;41;54;28;37;31;29;25;;;;;;;;;;;;;;;;;;;;;;;;;;;;;;;;;;;;;;;;;;;;;;26.6200943;;;;;;;;;;;;;;;;;;;;;;;;;;;;;;;;;;;;;;;;;;;;;;;;;;;;;;;;;;;7.854210704;;;;;;;;;;;;;;;26.51278714;;;;;;;;30.43000031;37.80602054;;;;;;;;;57.48;56.56252807;35.53;;;43.49169956;;;;;;;;;;;;;;;;;;;;;;;;;;;;;;;;;;;;;;;;;;;;;;;;175.8313063;;;171.1709968;168.1884598;;;;;;;;140.954721;;;;163.0473454;;;;;;;;;;;;;;;;;;899;;;;;;;;;319;236;
01.01.1996 00:00;;46.86;;;;;33.29;;;;;;;;;;;;;;;;;;;;;;;;;;;;;;;;;;;;;;;;;;;;;;;;;;;;;;;;;;;;;;23;41;53;28;37;30;30;26;;;;;;;;;;;;;;;;;;;;;;;;;;;;;;;;;;;;;;;;;;;;;;26.76656914;;;;;;;;;;;;;;;;;;;;;;;;;;;;;;;;;;;;;;;;;;;;;;;;;;;;;;;;;;;8.925894943;;;;;;;;;;;;;;;26.12168744;;;;;;;;30.61000061;37.1538117;;;;;;;;;57.98;56.30270396;37;;;42.58185766;;;;;;;;;;;;;;;;;;;;;;;;;;;;;;;;;;;;;;;;;;;;;;;;165.64883;;;151.4005451;146.5004183;;;;;;;;118.0840424;;;;136.4101164;;;;;;;;;;;;33;;;;;;820;;;;;;;;;268;197;
01.01.1997 00:00;;46.35;;;;;33.37;;;;;;;;;;;;;;;;;;;;;;;;;;;;;;;;;;;;;;;;;;;;;;;;;;;;;;;;;;;;;;22;44;52;28;37;30;30;28;;;;;;;;;;;;;;;;;;;;;;;;;;;;;;;;;;;;;;;;;;;;;;25.9609623;;;;;;;;;;;;;;;;;;;;;;;;;;;;;;;;;;;;;;;;;;;;;;;;;;;;;;;;;;;8.414907508;;;;;;;;;;;;;;;26.11044584;;;;;;;;30.44000053;35.45777678;;;;;;;;;58.45;57.28688389;36.99;;;41.61936321;;;;;;;;;;;;;;;;;;;;;;;;;;;;;;;;;;;;;;;;;;;;;;;;172.8707299;173.4793291;;171.9530321;156.464647;;;;;;;;142.7677813;;;;142.5826483;;;;;;;;;;;;72;421;;;;;979;;;;;;;;;315;197;
01.01.1998 00:00;;44.92;38.38;;;;31.26;;;;;;;;;;;;;;;;;;;;;;;;;;;;;;;;;;;;;;;;;;;;;;;;;;;;;;;;;;;;;;22;44;53;27;38;28;30;27;;;;;;;;;;;;;;;;;;;;;;;;;;;;;;;;;;;;;;;;;;;;;;25.15535545;;;;;;;;;;;;;;;;;;;;;;;;;;;;;;;;;;;;;;;;;;;;;;;;;;;;;;;;;;;8.016176667;;;;;;;;;;;;;;;;;;;;;;;30.36000061;35.29443791;;;;;;;;;56.5;56.10246862;34.11;;;41.29215565;;;;;;;;;;;;;27.53161592;;;;;;;;;;;;;;;;;;;;;;;;;;;;;42.8155977;30.77835866;;;;;177.7225678;187.4995869;;172.5674906;168.298189;;;;;;;;142.2482776;;;;158.2633353;;;;;;;;;;;;64;564;;;;;875;;;;;;;;;;223;
01.01.1999 00:00;;45.06;39.84890412;57.65;53.03;27.07;30.63454224;;34.85;29.13;30.99;35.89;36.01;28.93;31.41;28.14;31.64;35.59;41.2;;;;;;;;;;;;;;;;;;;;;;;;;;;;;;;;;;;;;;;;;;;;;;;;;;21;44;51;28;38;28;31;27;;;;;;;;;;;;;;;;;;;;;;;;;;;;;;;;;;;;;;;;;;;;;;28.37778282;;;;;;;;;;;;;;;;;;;;;;;;;;;;;;;;;;;;;;;;;;;;;;;;;;;;;;;;;;;7.781672651;;;;;;;;;;;;;;;25.36961132;;;;;;;;;;;;;;22.93;;;;55.62832066;55.12930045;35;;;41.22502813;;;;;;;;;;;;;26.07449804;;;;;;;;;;;;;;;;;;;;;;;;;;;;;41.48386117;;;;;;160.4099641;161.7583802;;145.1482141;142.3037398;;;;;;;;125.7360634;;;;;;;;;;;;;;;;34;;;;;;590;;;;;;;;;212;125;
01.01.2000 00:00;;44.84;41.33;57.8;;26.32;29.09;;;;;;;;;;;;;;;;;;;;;;;;;;;;;;;;;;;;;;;;;;;;;;;;;;;;;;;;;;;;;;20;41;50;27;37;27;29;26;;;;;;;;;;;;;;;;;;;;;;;;;;;;;;;;;;;;;;;;;;;;;;28.59749413;;;;;;;;;;;;;;;;;;;;;;;;;;;;;;;;;;;;;;;;;;;;;;;;;;;;;;;;;;;7.145479893;;;;;;;;;;;;;;;23.80031333;;;;;;;;29.15999985;32.62435625;;;;;;;;;58.88;55.78014376;32.47;;;39.34426509;;;;;;;;;;;;;22.68767201;;;;;;;;;;;;;;;;;;;;;;;;;;;;;;;;;;;169.2797259;153.0498036;;149.8244888;154.1456642;;;;;;;;123.0938864;;;;140.7512308;;;;;;;;;;;;24;273;;;;;629;188;;;;;;;;240;179;
01.01.2001 00:00;;38.16;32.22;50.03;45.02;23.23;25.02;;;;;;;;;;;;;;;;;;;;;;;;;;;;;;;;;;;;;;;;;;;;;;;;;;;;;;;;;;;;;;18;37;48;24;34;24;27;24;;;;;;;;;;;;;;;;;;;;;;;;;;;;;;;;;;;;;;;;;;;;;;26.43700218;;;;;;;;;;;;;;;;;;;;;;;;;;;;;;;;;;;;;;;;;;;;;;;;;;;;;;;;;;;;;;;;;;;;;;;;;22.08823578;22.67668668;;;;;;;;25.76733543;32.84095303;;;;;;;;;49.84;48.84274564;28.75;;;37.36478278;;;;;;;;;;;;;19.65466588;;;;;;;;;;;;;;25.52014729;;;;;;;;;;;;;;;29.5044259;;;;;;159.8527733;166.122041;;161.4644376;149.8943211;;;;;;;;136.9882645;;;;154.4329489;;;;;;;;;;;;92;270;;;;;711;;;;;;;;;274;199;
01.01.2002 00:00;;38.09999847;32.43937167;51.94171327;45.29999924;23.39999962;25.79999924;;;;;;;;;;;;;;;;;;;;;;;;;;;;;;;;;;;;;;;;;;;;22.79999924;;;;;;;15.69999981;;;38;;;;15.89999962;;;;18.10000038;36.70000076;49.09999847;24;34;25;30;24;21.60000038;;;;;;;;;;;;;;;;;;;;;;;;;;;;;;17.79999924;;;26.89999962;;;;;;;20.39999962;;;;;;;;;;;;;;;;;;;;;;;22.29999924;;;22;;;;;;;;;;;;;;;;;;;;;;;;;21.89999962;;;;;;;;;;;;;;;23.89999962;;;;;;;38.91830495;;;;;22.92083359;23.40410805;;;;;;;;26;;;;;;19.5;;;;48.2059342;49.68928307;28;;;36.56632725;;;;;;;;;;;;;19.69067962;;;;;;;;;;;30.97864554;;;27.84660742;;;;;;;;;;;;;22.5921547;;;;;;;;166.3071018;160.5504138;;165.5980068;155.8868964;;;126.5123722;;;;;123.8755276;;;;163.0154302;;;;;;;;;;;;27;258;;;;;731;;;;;;;;38;300;192;
01.01.2003 00:00;;43.87;36.72;60.84;52.05;25.74;;;;;;;;;;;;;;;;;;;;;;;;;;;;;;;;;;;;;;;;;;;;;26.36;;;;;;;17.03;;;44.86;;;;;;;;20.55;42.39;57.59;26;41;27;31;26;25.48;;;;;;;;;;;;;;;;;;;;;;;;;;;;;;19.76;;;31.23;;;;;;;21.79;;;;;;;;;;;;;;;;;;;;;;;26.1;;;26.35;;;;;;;;;;;;;;;;;;;;;;;;;24.67;;;;;;;;;;;;;;;26.8;;;;;;;;;;;;24.81;25.13070888;;;;;;;;29.7;34.04826211;;;;;20.04999924;;;;56.35;;32.31;54.28;51.22971631;42.74772422;;;;;;;;;;;;;20.92216668;;;;;;;;;;;;;;31.93777822;;;34.30402144;;;;;;;;;;;;;;;;;;199.0698403;192.6922535;;201.4438577;179.5260488;;;;;;;;;;;;170.9435581;148.0712901;;;;;;;;;;;;944;;;;;1751;515;;;161;;;;;679;475;
01.01.2004 00:00;;39.08;32.72;54.55;46.32;23.04;25.18;40.94;31.88;25.44;25.38;29.69;30.3;23.73;26.08;23.83;28.96;33.06;37.07;;;;;;;;;;;;;;;;;;;;16.68;;;;;;;;;;;;22.94;;13.32;;;;;14.85;;35.22;40.14;;;;;;;;17.73;40.01;53.67;23.9;36.22;26.03;27.43;23.39;23.85;;;;;;;;;;;;;;;;;;;;;;;;;;;;21.66;;17.78;;;28.56276917;;;;;;;19.55;13.36;;18.66;;26.59;;;;;;26.12;;;;;;;;;;;;23.51;;;22.6;;;;;;;;;;;;;;;;;;;;;;;;;22.35;;;;;;;;;;;;5.157011;;;24.7;;;;;;;38.52210602;;;;;22.45;22.81100309;;;;;;;;26.76;29.63663524;;;;;18.66;;;;51.42;52.53687114;29.12;52.56;;38.60198206;;;;;;;;;;;;;18.88964168;;;;;;;;;21.31725955;;28.64860534;;;25.52305538;;25.94793747;;;;;;;;;;;;;;;;;;;175.1450101;165.9381501;;158.3555175;152.3411427;;;135.2754289;;;;;130.5720214;;;;142.8506787;;;;;;;;;;;;49;425;;;;;768;152;;;;;;;85;326;171;
01.01.2005 00:00;;41.1;33.84;59.1;49.72;23.85;25.86;36.71;;;;;;;;25.8;;35.16;;;;;;;;;;;;;;;;;;;;;;;;;;;;;;;;;24;;;;;;;15.32;;;42.71;;;;;;;;18.35;41.9;56.28;;;;;;27.32;;;;;;;;;;;;;;;;;;;;;;;;;;;;;;19.21;;;28.85;;;;;;;20.43;;;;;;;;;;;;;;;;;;;;;;;24.37;;;23.12;;;;;;;;;;;;;;;;;;;;;;;;;22.47;;;;;;;;;;;;5.119006;;;25.26;;;;;;;;;;;;23.54;23.54622405;;;;;;;;27.23;30.76017952;;;;;18.76;21.24969264;;;54.1;;30.09;55.53;49.21699556;37.88206803;;;;;;;;;;;;;22.54018983;;;;;;;;;;;;;;26.26171788;;;28.73150256;;;;;;24.13906593;;;;;;;;;;;;170.2038893;156.4379153;;153.9416654;149.0039474;;;;;;;;;;;;139.7332033;118.9119288;;;;;;;;;;;;334;;;;;678;114;;;40;;;;;282;182;
01.01.2006 00:00;;42.0279;34.9138;62.1239;52.7195;24.7602;26.3834;38.36;33.1386;;;;;;;26.4693;;;;;33.89;;;;;;;;;;;;;;;;;;;;;;;;;;;;;;25.5666;;;;;;;16.6478;;;44.6606;;;;;;;;19.6618;44.4546;56.9285;;;;;;33.8991;;;;;;;;;;;;;;;;;;;;;;;;;;;;;;20.2225;;;30.756;;;;;;;22.8509;;;;;;;;;;;;;;;;;;;;;;;24.8529;;;24.6298;;;;;;;;;;;;;;;;;;;;;;;;;24.4238;;;;;;;;;;;;5.52661;;;26.622;;;;;;;43.28948218;;;;;25.1608;26.00708241;;;;;;;;28.098;30.39901958;;;;;20.8055;22.41137156;;;58.4456;56.16518745;31.026;57.5885;;38.79972003;;;;;;;;;;;;;24.34777862;;;;;;;;;26.51596395;;33.27204478;;;29.58874344;;27.81942687;;;;;;;26.31314917;;;;24.27720994;;;;;;;;183.1760863;175.0104851;;181.0660827;167.1043885;;;155.8805994;;;;;138.2219279;;;;157.2180849;;;;;;;;;;;;102;444;;;;;760;218;;;;;;;178;430;290;
01.01.2007 00:00;;40.06;32.94;59.34;51.09;22.11;24.49;35.73;;;;;;;;25.51;;;;61.48717675;32.56;;;;;;;;;;;;;;;;;;17.55;;;14.67;17.87;16.64;;;;;;;23;;13.86;;;;;14.71;;36.2;42.49937552;;;;;;;;16.57;43;53.39;22.86;37.02;25.76;27.43;23.02;26.26;;;;;;;;;;;;;;;;;;;;;;;;;;;;22.39;;17.85;;;28.04;;;;;;;20.25;14.52;;19.2;;27.83;;;;;;26.55;;18.83;19.38;19.39;17.22;30.41;24.45;22.2;26.65;27.37;17.71;21.79;21.81;16.87;21.32;14.93;15.56;17.16;15.24;15.01;16.14;23.78;19.24;15.92;26.9;17;31.96;16.12;21.84;;;;;;;;16.27;18.98;31.05;21.96;21.23;16.84;14.48;;;;;;;;;5.285059;;;24.13;;;;;;;;;;;;22.68;23.03598151;;;;16.06307894;;;;26.71;;;;8.21;;17.57;19.17002663;;;52.64;;29.62;52.5;49.80293789;35.35327207;;;;;;;;;;;;;19.70365537;18.25046461;;;;;;;;21.57841413;;;;;24.34036454;;;25.83439539;;;;;;;13.20334328;;;19.47256716;;;;;;;;154.6217216;144.9056201;;153.1235687;144.0560694;150.3355652;;;;;;;;;;;149.4972052;118.0009718;;;;;291;;;;;;;264;;;;;593;239;;;22;;;;;315;182;
01.01.2008 00:00;;37.81502712;31.5015295;55.79776791;;22.61060859;24.40112748;34.57;29.79984682;24.50922234;25.38404792;27.99313885;30.30912699;23.27906489;25.81310083;24.41236761;27.85181749;32.59346682;37.28439294;57.46559457;30.25;;;;;;;;;;;;;;;;;;;;;15.71;19.47;17.9;;;;;;;22.93518097;;;;;;;15.8316873;;33.91675112;41.11057164;;;;;51.59103646;;;18.0983208;42.84060192;51.65008412;;;25.43540713;;23.49776349;26.35271274;36.0972458;;;;;;;;;;;;;;;;;;;;;;;;;;;;;18.69678035;;;28.38364753;;;;;;;21.25999792;;;;;;;;;;;;;19.59;19.93;20.17;17.91;29.68;24.69;22.59;26.62;28.19;18.7;21.64334034;23.4;18.15;21.4917149;15.9;17.67;17.62;16.49;16.06;17.25;23.6;20.45;16.82;27.35;17.1;32.38;17.23;22.92;;;;;;;;17.5;19.9;31.82;22.70183526;22.1;17.95;15.64;;;;;;;;;5.520253;;;24.33682552;;;;;;;44.56269164;;;;;22.50686073;;;;17.5887745;17.1230181;;;;26.50195766;27.51621971;;;;;18.0093435;19.78441916;;;52.43356134;50.84688703;28.00495045;54.66194805;;35.62230735;;;;;;;;;;;;;;;;;16.60332317;;;;;20.58447143;;24.73900361;;;22.53532637;;22.22104933;;;;;;;;;;;;;;;;;;;149.4250447;141.0179239;;;134.5423937;151.2432523;;130.8607778;;;;;117.5658224;;;;137.6251564;;;;;;292;;;;;;14;193;;;;;409;157;;;;;;;50;;114;
01.01.2009 00:00;;38.27101164;32.9635148;62.38373798;;23.19911129;24.92829748;35.68;;;;;;;;24.63609198;;32.8636881;39.86271148;59.11;31.57;;;;;;;;;;;;;;;;;;;;;14.52039;18.74134;16.91869;;;;;;;23.46009368;;;;;;;15.11943438;;35.89484699;41.5194901;;;;;52.08474527;;;17.71723808;45.56847054;52.94903002;;;25.92929943;;23.66870392;25.44043918;37.12988694;;;;;;;;;;;;;;;;;;;;;;;;;;;;;18.24694148;;;28.03438905;;;;;;;20.5553901;;;;;25.83115804;;;;;;;;17.49;18.11;19.87;18.23;28.48;24.2;21.68;23.67;29.17;20.15;21.79292775;23.42;18.02;23.13046656;15.34776;17.98029;17.73113;15.69669;15.10182;17.07288;23.53745;21.66424;16.6801;28.08;17.58554;32.24235;17.47223;24.19607;;;;;;;;18.28446;19.93392;30.36853;23.21644135;22.636;16.97364;14.82627;;;;;;;;;5.148986;;;24.02323826;;;;;;;42.10364587;;;;;22.96124229;;;;20.19781402;19.12923548;;;;26.38945184;28.09487583;;;7.854398148;8.282713341;19.04195503;19.64712789;;;50.46286232;;29.02702244;55.53658099;49.68760448;36.94428049;;;;;;;;;;;;;;20.29973909;;;18.62997071;;;;;20.09052649;;;;;23.94697087;;22.31253469;25.13420653;;;12.93460483;;;;;;;;;;;;;;;;145.2750143;;;132.6563208;139.1701936;146.7309104;117.9855722;;;;;;;;;140.9781214;119.2850335;;;;;228;;;;;;;242;;;;;;159;292;;14;;;;21;;51;
01.01.2010 00:00;;37.62;33.04;61.16;;23.54;24.89;34.74;;;;;;;;24.72;27.83;34.56;40.54;54.96;31.41;;;;;;;23.89209;22.74729;25.82246;20.68443;;28.26;;;;;;;;;16.71286;18.18794;15.84395;34.3912;;;;;;23.16;;12.86972;;;;;14.91;;37.26;42.2;;;;;55.98;;;18.74;49.53;54.56;;;26.12;;24.64;26.43;37.88;;;;;;;;;;;;;;;;;;;;;;;;;;;21.47;;18.58;;;29.23;;;;;;;20.32;;;18.25184;;;;;;;;25.66187;;18.38;19.48;20.41;19.1;28.01;23.19;21.02;22.52;29.78;20.55;22.94;24.03;18.54;22.83;16.38793;18.44037;18.52582;16.13431;16.42676;17.52298;24.03268;21.28181;17.36398;24.37;19.90528;25.92113;18.82148;32.38629;19.60175;;;21.10119;29.45896;;;24.70003;22.35278;25.98123;26.56;28.18704;18.51022;16.4915;;;;;;;;;5.616559;;;20;;;;;;;45.69803521;;;;;23.25;;;;22.48440654;18.50958352;;;;27.26;26.16867527;;;8.48;9.34532911;17.77;18.76243004;;;;44.04140941;29.51;56.86;;36.13456511;;;;;;;;;;;;;;18.48363895;;;18.70740029;;;;;19.78289613;;23.41963423;;;22.43272887;;21.54124;;;;13.12327658;;18.15892537;;;;;;;;;;;;;;173.2163444;;;157.0232096;182.2238559;166.6995304;144.5275005;;;;;167.7901442;;;;161.540772;;;;;;333;;;;;;209;296;;;;;;248;524;;;;;;104;;185;
01.01.2011 00:00;;36.1874181;31.63808608;59.58915425;;22.07431873;25.29907313;33.62;;;;;;;;23.74038333;25.68487651;30.66427998;38.1925368;55.38219045;30.13;;;;;;;22.59817;22.3379;24.99113;20.70624;;;20.33803;;;;;15.58266374;;;17.45;17.45;15.67;33.81309;45.09296;;;;;22.11344733;;11.83992632;;;;;14.33148434;;32.77503681;40.32240142;;;;;53.27561696;;;16.17736715;45.43035157;49.9369735;;;23.87852481;;22.33861412;25.46537347;34.95567258;;;;;;;;;;;;;;;;;;;;;;;;;;;21.95153229;;17.10593821;;;25.1113079;;;;;;;18.51449067;;;18.66986041;;;;;;;;25.25996155;;16.38;16.97;18.43;17.2;26.25;20.43;19.57;20.43;29.69;19.44;19.88582541;22.5;17.29;22;14.82;16.84;17.56;15.4;15.05;15.34;21.73;22.06;16.43;20.78;18.83;22.4;19.5;30.27;17.93;;;18.6;28.91;;;22.48;22.3;22.9;24.10799472;25.15;16.18;14.61;;;;;;;;;5.259263;;;17.75;;;;;;;41.59400411;;;;;21.84046729;;;;21.55205639;17.7213481;;;;24.26662982;24.39566857;;;7.750797797;8.277507142;16.97605003;18.65117297;;;47.6;46.82244763;27.92142361;51.93940194;;35.28103449;;;;;;;;;;;;;;18.60450219;;;18.74388677;;;;;;;25.69390389;;;22.08200604;;21.91789711;;;;12.76465882;;18.66961078;19.27125749;;;18.61;;;;;;;;;;149.6510865;;;138.8702666;155.2169842;153.213672;135.0573659;;;;;130.4788183;;;;147.9782734;;;;;;304;;;;;;86;296;;;;;;215;417;;;;;;84;;114;
01.01.2012 00:00;;32.24;30.08;56.61;;20.56;23.16;31.72;27.55;23.91;22.83;26.5;28.15;21.95;25.33;22.54;25.41;29.42;36.99;55.07;27.9;;;;;;;21.65664;20.9047;23.68363;18.98668;;;20.13095;;;;;;;;14.01;16.51;15.25;33.89487;44.37856;;;;;21.62;;;;;;;13.85;;32.23;40;;;;;60.71;;;17.14;45.15;53.67;;;24.59;;22.08;25.57;35.38;27.13;;;;;;;;;;;;;;;;;;;;;;;;;;;;16.87;;;25.42;;;;;;;18.65;;;;;;;;;;;;;16.19;16.91;18.47;17.2;25.71;21.08;19.47;20.46;29.64;19.41;19.59;21.71;16.34;21;14.4;17.53;16.75;14.89;14.06;14.41;21.23;20.36;15.76;20.63;19.26;22.22;17.58;32.23;17.4065;;;18.27833;28.38059;;;23.75;20.58;21.68;24.11;25.24;16.48;14.78;;;;;;;;;4.93654;;;18.05;;;;;;;42.39512685;;;;;21.73;;;;22.22908829;;;;;25.19;24.39444601;;;8.06;7.768179782;16.21;16.63150346;;;44.57;43.3812147;27.06;53.28;;33.9369502;;;;;;;;;;;;;;;;;15.10982287;;;;;17.4286213;;20.56622059;;;19.69203447;;18.37860091;;;;10.77732206;;15.01363095;17.28540299;;15.041;;;;;;;;;;;138.6783078;;;124.4273452;;140.3381353;124.491268;;;;;125.7356263;;;;132.9518192;;;;;;;;;;;;87;147;;;;;;126;281;;;;;;44;;91;
01.01.2013 00:00;;33.13;32.37;60.47;;20.11;22.31;32.38;;;;;;;;22.08;;31.07;39.23;59.24;28.35;;;;;;;;;;;;;;;;;;15.18;;;;;;;;;;;;21.72;;12.01;;;;;13.31;;32.61;42.16;;;;;62.31;;;17.43;49.76;54.49;;;25.2;;23.21;26.63;38.45;25.64;23.92;24.22;15.51;36.98;18.17;22.75;22.86;25.48;22.43;19.73;;;;;;;;;;;;;;;;21.11;;17.79;;;27.31;;;;;;;19.35;;;17.25;;;;;;;;24.25;;;;;;;;;;;;21.09;;;24.34;;;;;;;;;;;;;;;;30.96;;;;;;;;;26.06;;;;;;;;;;;;5.322622;;;;;;;;;;48.29234604;;;;;21.63;;;21.48;24.74081962;;;;;25.52;24.60897699;;;7.93;8.288197819;16.4;17.30709667;;;47.06;43.79022812;26.81;53.24;;33.77838439;;;;;;;;;;;;;;;;;18.4601214;;;;;19.0249573;;23.00672459;;;22.33194381;;20.43618153;;;;12.0508155;;;;;;;;;;;;;;;;150.2795912;;;143.9579154;;149.0789709;139.9775366;;;;;140.0701394;;;;145.317156;;;;;;;;;;;;150;306;;;;;;204;447;;;;;;99;;183;
01.01.2014 00:00;;30.64;28.43;53.63;;20.28;21.55;29.86;;;;;;;;20.46;;27.63;40.35;56.72;26.79;;;;;;;;;;;;;19.16;;;;;;;;;;;31.53;;;;;;19.97;;;;;;;12.53;;30.65;37.18;;;;;51.78;;;14.81;43.53;47.83;;;22.49;;19.65;25.2;;;20.53;21.24;13.55;33.03;;19.48;20.94;22.51;19.62;17.51;26.83;20.44;;;;;;;;;;;;;;;;15.49;;;24.18;;;;;;;16.14;;;;;22.3;;;;;;;;;;;;23.32;;;;27.49;;17.8;;;20.81;;;;;;;;19.77;;19.14;;;;31.85;15.78;27.5;16.74;17.03;;;;21.22;;20.52;21.91;23.6;;13.01;;;;;;;;;5.108184;;;;;;;;;;41.13137565;;;;;19.75;;;18.61;;;;;;22.45;24.07977538;;;7.33;;15.03;15.77256304;50.68;48.32527183;43.37;43.11268696;25.24;49.1;;33.00628617;;;;;;;;;;;;;;;;;;;;;;15.26562841;;17.51745934;;19.59864055;16.97531208;;16.13813751;;;;;;;;;;;;;;;;;;;;138.9597224;;;129.4905752;;;121.0012148;;;;;123.7241078;;;;139.1007346;;;;;;;;;;;;30;105;;15;;;;141;;;;;;;23;;63;
01.01.2015 00:00;;31.53;28.63;;;20.15;22.29;30.31;;;;;;;;21.23;;28.76;36.29;58.89;27.68;;;;;;;;;;;;;20.04;;;;;;;;;;;32.73;;;;;;21.5;;;;;;;13.44;;31.2;;;;;;56;;;15.78;45.14;50.78;;;23.77;;18.77;26.24;;;20.85;21.97;13.9;33.59;;19.83;21.26;23.36;20.25;17.7;27.98;21.77;;;;;;;;;;;;;;;;16.39;;;25.95;31.83;17.68;18.05;21.96;32.58;;17.17;;;;;;;;;;;;;;;;;;;;;;;18.73;;;22.91;;;;;;;;22.32;;19.98;;22.93;;32.72;17.73;29.99;18.45;17.62;;34.13;;23.31;;23.17;23.95;26.28;;13.93;;40.63;18.36;24.41;21.41;43.09;;;4.928186;;;;;;;;;;39.8914109;;25.90044882;;;21.01;;;20.41;;;18.37;19.14187379;;;;;;7.56;;15.86;17.98695174;51.4;50.02978464;44.2;44.58741715;26.14;51.09;46.73800673;33.49705143;;;;;;;;;;;;;;;;15.75401957;;;13.64012386;;;;;19.23292141;;20.2673062;17.78678386;;17.00257607;19.98177981;;;9.765212415;;;;;;;;13.54892216;;;;;;;;167.5012283;;;152.1680581;;165.2581085;147.0278352;;;;;149.7403428;178.9379634;;;;142.4056459;;166.3264219;;;;;;;;;198;413;361;101;;;;;594;;114;401;;;117;;236;
01.01.2016 00:00;;30.4;27.98;54.18;;18.85;20.97;28.45;;;;;;;;20.49;;27.45;33.82;56.4;25.8;;;;;;;;;;;;;18.77;;;;;;;;;;;31.72;;30.34;26.14;25.42;28.34;20.05;;;;;;;12.21;;31.18;;;;;;52.14;;;15.34;43.08;48.69;;;22.11;;19.17;24.95;;;20.32;21.07;13.65;34.06;;19.33;20.91;21.42;20.29;17.64;27.45;23.25;;;;;;;;;;;;;;;;14.94;;;24.07;;;;;;;16.26;;;;;;;;;;;;;;;;;21.63;;;;28.07;;17.37;;;20.18;;;;;;;;20.12;;19.05;;21.15;;31.41;16.39;27.06;17.27;16.76;;32.97;;20.72;;20.94;21.35;23.58;;12.97;;;;;;;;;4.510911042;;;;;;;;;;40.25116121;;;;;19.87;;;19.2;;;;;;;;;18.83897756;6.99;;15.29;15.6024893;49.58;46.76414676;43.1;41.91094793;24.9;49.25;;31.39041169;;;;;;;;;;;;;;;;;;;;;;;;17.49748698;;17.85526535;16.20116381;;16.02349692;;;;8.814264781;13.51960075;;;;11.92160606;;;;;;;;;;;134.3583749;;;124.7899165;;;116.9685586;;;;;116.1717564;;;;;;134.9002479;;;;;;;;;;33;184;;18;173;;;;;;;;;;25;;87;
01.01.2017 00:00;22.88;28.75;25.53;51.72;;17.11;18.75;27.15;;;;;;;;18.28;;23.88;32.42;56.01;23.66;;;;26.88;37.95;25.71;20.78;;21.4;17.22;;;17.15;25.52;32.02;;;12.43;;16.08;;;;28.05;;;;;;19.5;;9.76;;;;;12.13;;26.69;;;;;;51.47;;;13.89;40.78;46.96;;;20.2;;16.8;22.35;;;18.44;;;31.29;;;;;;15.81;25.43;;35.38;31.19;43.44;37.05;31.95;17.2;36.54;16.46;36.8;28.93;19.99;;;18.01;;14.35;;;22.88;;;;;28.72;;15.37;;;13.52;;;21.56;19.2;17.98;18.04;20.62;19.83;;;;;;20.65;;;;27.4;;16.8;;;19.56;;;;;;;;19.23;;18.49;;18.87;;31.53;16.57;26.45;16.51;16.13;;32.5;;20.08;;19.93;20.96;22.83;;12.27;;;;;;;;;4.34991758;;;;;;;;;;38.06625064;;;;;18.99;;27.20379723;18.45;;;;;;;;27.46514079;17.92737001;7.02;;13.45;14.6674836;50.23;47.12660811;41.1;40.67918704;22.82;45.92;;30.41906607;10.44235078;;;;;;11.34814018;;;;;;;;;;;;;15.04095952;;;;17.56672392;14.51868548;17.61368086;15.87553052;12.56585547;16.96583205;;;;9.734401011;13.71855022;;;;13.02084337;;;;17.66256716;;;;141.977448;;;142.6478787;;;134.1742763;;140.9533883;121.3274304;;;127.8202199;;127.9788839;;;;;;149.3695443;;137.9425268;;;225;;117;;;44;245;;15;171;;;;256;61;;;;;31;;81;
01.01.2018 00:00;20.11;26.67;24.3;48.01;;18.65;18.96;25.5;;;;;;;;18.14;;24.1;31;54.51;22.62;;;;;33.32;23.24;18.16;;19.31;15.36;;;17.01;;;;;;;16.89;;;;;;;;;;17.99;;10.04;;;;;11.25;;25.37;;;;;;46.59;;;13.86;39.91;43.19;;;19.3;;16.86;;;;;;;;;;;;;;;;32.83;;41.09;;30.48;16.45;;;;27.6;18.87;;;17.14;;12.83;;;21.74;;;;;26.15;;15.32;;;;;;19.71;18.03;17.27;17.71;20.02;18.33;;;;;;20.86;;;;25.53;;15.85;;;19.5;;;;;;;;18.23;;18.05;;18.34;;28.64;15.19;24.63;15.37;15.47;;30.25;16.27;19.62;;20.03;20.14;21.5;;12.48;;33.81;15.91;20.49;18.28;34.5;;;4.51713643;;;;17.9480753;;;;15.43550094;;33.53188022;;22.21493349;;;16.97;;;17.37;;;;;;;;;16.11251612;6.9;;13.01;13.94129653;47.8;45.17269349;39.58;37.85870006;21.96;;;28.47123861;11.9363234;;;10.6858618;;;12.88236192;;;;10.52650332;;;;;15.38091129;;;;;;;;18.1638138;;18.2874972;17.93817019;13.43904751;16.37712406;;13.65008485;;;15.07382169;;;;;;;;;;;;167.9622046;;;172.3333574;;;156.5192327;;;147.8770464;;;;;150.2855762;165.076242;163.4975875;;;;169.0818625;;;;;520;;;500;;167;674;467;;573;;;;;;;;;;166;;312;
01.01.2019 00:00;;25.34;23.12;46.84;;15.93;18.23;24.55;;;;;;;;17.13;;22.21;29.55;54.15;22.19;;;;;;;;;;;;;16.66;;;;;;;;;;;;33.87;26.16;22.71;22;24.72;17.73;;9.07;18.14;20.47;19.24;18.32;10.71;;23.68;38.75;19.69;22.55;;;40.13;;;12.76;39.91;39.55;;;18.38;;15.99;;;;;;;;;;;;;;;;31.64;;39.61;;28.23;15.27;;;;26.15;18;;;;;;5.731056199;30;20.3;;;;;;10.71837777;12.96;;;11.61;;;;;;;;17.63;;;;;;18.7;;;;;;14.61;;;17.7;;;;;;;;;;;;;;27.01;14.22;23.41;14.62;14.42;;28.49;11.78;;;18.03;;;;;9.46460021;;;;;;;;3.982499666;;17.46695096;;;;22.73172978;;;;33.42757249;25.35422553;;;;16.62;;;;;;;;;;;;15.10479261;6.15;;12.17;12.58353361;47.26;44.44712537;36.95;35.26498601;21.37;;;26.26300209;10.19780697;;10.35554544;9.550521265;9.827726502;10.96750712;10.58309807;;;;;;;;;;;;;;;;14.26115409;15.69362065;;16.37378827;15.09649347;;14.87596628;;;13.50233828;8.851935457;12.45051318;;;;11.10565868;;;;;;;;;;;165.6098088;;;145.5679601;;156.5806388;134.3332416;;160.6368648;;;138.9737273;;;153.105559;;;155.9315567;;;157.1943659;;;;;;271;123;379;;78;266;;;;374;;;;296;;90;;170;287
01.01.2020 00:00;;21.19;18.92;38.91;;13.55;15.52;19.44;17.48;16.33;14.51;17.6;18.56;14.6;17.05;14.39;17.35;18.32;24.41;45.67;18.35;;;;;26.63;;;;15.95;12.61;;;14.62;;25.46;;;;;14.81;;;;23.49;;;;;;14.89;22.89;;;;;;9.15;;20.36;31.2;;;23.15;;36.22;13.42;;11.12;32.48;34;;23.87;15.58;;13.53;18.16;;;;;;;;;;16.37;;12.98;;;28.19;;34.56;;24.74;;;;;23.08;;23.86;15.75;14.14;;10.77;;;17.06;;;;;21.28;;11.98;;;;;;;;;;;;;;;;;;;;;;;12.22;;;;;;;;;;;14.69;;;;14.95;;22.76;12.43;19.63;12.7;12.75;;24.49;10.5;;;;16.37;;;;;;;;;;;;3.282520504;;;;;;;;;;26.86502915;;;;12.55922016;;;;;;;;;14.80089115;;;;13.81086108;;;10.36;10.73511774;38.68;35.85045721;29.98;29.92289643;17.78;;;22.20213607;9.646959122;8.810496166;;9.193927409;;11.67647525;;;;;;8.572169214;;;;;;;;;;;;;;15.3188812;13.95187017;;13.76737049;;;;8.265736083;11.34212782;;;;;;;;;;;;;;;145.0361729;137.085824;;132.3869958;;;120.6904247;;;;137.1410938;124.4352853;;;;;;134.5481764;;;;;;;;;;65;296;;28;230;247;;;;;;;;244;42;;124;
01.01.2021 00:00;;21.12;18.55;38.26;;14.68;14.94;19.94;;;;;;;;14.3;;17.63;22.76;43.54;17.81;37.52;44.35;;;25.86;;;;;;;;13.54;;25.78;;30.65;;19.41;;;;;;27.57;;;;;14.67;;;;;16.34;;9.05;;;30.48;16.83;;;;35.08;;;;31.98;33.23;;;;;;;;;;;;;;;;;;;;;;;33.24;;;;;;;;;24.72;;;12.69;;;;;;;;;;;;;;;;;;;;;16.34;;;;;;;;;;;;;12.55;;;15.16;;;;;;;;;;;;;;;12.62;20.58;12.83;12.32;;23.24;10.86;;;15.65;;;;;;27.71;12.95;16.73;14.35;26.59;;18.93;3.319665281;;;;;16.70228008;;;;;26.95319057;;16.99638113;;;14.67;;;;;;;;;;;;13.33049775;5.31;;10.65;11.03053381;36.72;35.31118451;29.85;29.10716764;16.76;;;21.97968138;9.828533008;;;8.760592213;;11.76057418;9.893726886;9.191364681;9.566270004;;8.445772367;;;;;12.32579278;;;;;;;;14.95223966;;15.54536454;14.39263922;;14.06976642;;;;8.573882268;12.2971369;;;;;;;;;;;;;135.7431647;;141.0742228;;;128.3704625;;135.3842278;119.6951961;;;;;125.5591486;141.100022;;;;;139.2374042;;;;;;114;;;;36;150;111;15;96;;;;128;;;;;;18;;64;
01.01.2022 00:00;;21.17;19.24;37.4;;13.58;14.88;19.73;;;;;;;;14.13;;17.47;23.26;44.87;18.33;38.65;47.76;62.5;;26.41;;;;;;28.61;;13.62;;;26.82;;;;;;;;22.8;28.07;22;;;;15.84;;;;;;;;17.98;;31.51;;;21.25;;36.65;;23.5;10.91;29.41;32.71;;;;;;;;;;;;;;;;;;;;;;;32.48;;;;;;;;;;;12.59;;;;;16.76;;;;;20.49;;11.82;;26.19;;;;;;;;;;;;;;;;;;;;;;;;;;;;;;;;13.76;;;;15.08;;;;;;;;;;;;;;;;;8.83;27.93;;;;;;;3.032255582;;;;;16.3743232;;;;;26.32482702;19.1938175;;;;;;;;;;;;;;;;12.90996776;5.08;;9.79;9.887064387;35.63;34.70652876;30.75;29.77719366;16.17;;;21.42584942;;;;8.799808502;9.348791859;9.799326754;10.43953264;8.731352228;9.290147071;;;;;;;;;;;;;;14.13612753;15.92083363;;15.38549862;;;14.24711532;;;;;12.45291178;;;;;;;;;;;;;142.9546976;;149.5236459;;;136.3498636;;;125.5406193;;146.8552357;;;135.166669;;;;;;143.0711272;;;;;;294;;;;107;398;;66;299;;;;;;;;267;;50;;138;
