Standort;Standortklasse;Messgrösse;Einheit;Messwert;Jahr
Zürich_Gerhardstrasse;städtisch / Hintergrund;Stickstoffdioxid Jahresmittel (NO2, µg/m3);µg/m3;44.84;2000
Zürich_Gerhardstrasse;städtisch / Hintergrund;Stickstoffdioxid Jahresmittel (NO2, µg/m3);µg/m3;38.16;2001
Zürich_Gerhardstrasse;städtisch / Hintergrund;Stickstoffdioxid Jahresmittel (NO2, µg/m3);µg/m3;38.1;2002
Zürich_Gerhardstrasse;städtisch / Hintergrund;Stickstoffdioxid Jahresmittel (NO2, µg/m3);µg/m3;43.87;2003
Zürich_Gerhardstrasse;städtisch / Hintergrund;Stickstoffdioxid Jahresmittel (NO2, µg/m3);µg/m3;39.08;2004
Zürich_Gerhardstrasse;städtisch / Hintergrund;Stickstoffdioxid Jahresmittel (NO2, µg/m3);µg/m3;41.1;2005
Zürich_Gerhardstrasse;städtisch / Hintergrund;Stickstoffdioxid Jahresmittel (NO2, µg/m3);µg/m3;42.03;2006
Zürich_Gerhardstrasse;städtisch / Hintergrund;Stickstoffdioxid Jahresmittel (NO2, µg/m3);µg/m3;40.06;2007
Zürich_Gerhardstrasse;städtisch / Hintergrund;Stickstoffdioxid Jahresmittel (NO2, µg/m3);µg/m3;37.82;2008
Zürich_Gerhardstrasse;städtisch / Hintergrund;Stickstoffdioxid Jahresmittel (NO2, µg/m3);µg/m3;38.27;2009
Zürich_Gerhardstrasse;städtisch / Hintergrund;Stickstoffdioxid Jahresmittel (NO2, µg/m3);µg/m3;37.62;2010
Zürich_Gerhardstrasse;städtisch / Hintergrund;Stickstoffdioxid Jahresmittel (NO2, µg/m3);µg/m3;36.19;2011
Zürich_Gerhardstrasse;städtisch / Hintergrund;Stickstoffdioxid Jahresmittel (NO2, µg/m3);µg/m3;32.24;2012
Zürich_Gerhardstrasse;städtisch / Hintergrund;Stickstoffdioxid Jahresmittel (NO2, µg/m3);µg/m3;33.13;2013
Zürich_Gerhardstrasse;städtisch / Hintergrund;Stickstoffdioxid Jahresmittel (NO2, µg/m3);µg/m3;31.53;2015
Zürich_Gerhardstrasse;städtisch / Hintergrund;Stickstoffdioxid Jahresmittel (NO2, µg/m3);µg/m3;30.4;2016
Zürich_Gerhardstrasse;städtisch / Hintergrund;Stickstoffdioxid Jahresmittel (NO2, µg/m3);µg/m3;28.75;2017
Zürich_Gerhardstrasse;städtisch / Hintergrund;Stickstoffdioxid Jahresmittel (NO2, µg/m3);µg/m3;26.67;2018
Zürich_Gerhardstrasse;städtisch / Hintergrund;Stickstoffdioxid Jahresmittel (NO2, µg/m3);µg/m3;23.15;2019
Zürich_Gerhardstrasse;städtisch / Hintergrund;Stickstoffdioxid Jahresmittel (NO2, µg/m3);µg/m3;21.19;2020
Zürich_Gerhardstrasse;städtisch / Hintergrund;Stickstoffdioxid Jahresmittel (NO2, µg/m3);µg/m3;21.12;2021
Zürich_Gerhardstrasse;städtisch / Hintergrund;Stickstoffdioxid Jahresmittel (NO2, µg/m3);µg/m3;21.17;2022
Zürich_Paradeplatz;städtisch / Hintergrund;Stickstoffdioxid Jahresmittel (NO2, µg/m3);µg/m3;41.33;2000
Zürich_Paradeplatz;städtisch / Hintergrund;Stickstoffdioxid Jahresmittel (NO2, µg/m3);µg/m3;32.22;2001
Zürich_Paradeplatz;städtisch / Hintergrund;Stickstoffdioxid Jahresmittel (NO2, µg/m3);µg/m3;32.44;2002
Zürich_Paradeplatz;städtisch / Hintergrund;Stickstoffdioxid Jahresmittel (NO2, µg/m3);µg/m3;36.72;2003
Zürich_Paradeplatz;städtisch / Hintergrund;Stickstoffdioxid Jahresmittel (NO2, µg/m3);µg/m3;32.72;2004
Zürich_Paradeplatz;städtisch / Hintergrund;Stickstoffdioxid Jahresmittel (NO2, µg/m3);µg/m3;33.84;2005
Zürich_Paradeplatz;städtisch / Hintergrund;Stickstoffdioxid Jahresmittel (NO2, µg/m3);µg/m3;34.91;2006
Zürich_Paradeplatz;städtisch / Hintergrund;Stickstoffdioxid Jahresmittel (NO2, µg/m3);µg/m3;32.94;2007
Zürich_Paradeplatz;städtisch / Hintergrund;Stickstoffdioxid Jahresmittel (NO2, µg/m3);µg/m3;31.5;2008
Zürich_Paradeplatz;städtisch / Hintergrund;Stickstoffdioxid Jahresmittel (NO2, µg/m3);µg/m3;32.96;2009
Zürich_Paradeplatz;städtisch / Hintergrund;Stickstoffdioxid Jahresmittel (NO2, µg/m3);µg/m3;33.04;2010
Zürich_Paradeplatz;städtisch / Hintergrund;Stickstoffdioxid Jahresmittel (NO2, µg/m3);µg/m3;31.64;2011
Zürich_Paradeplatz;städtisch / Hintergrund;Stickstoffdioxid Jahresmittel (NO2, µg/m3);µg/m3;30.08;2012
Zürich_Paradeplatz;städtisch / Hintergrund;Stickstoffdioxid Jahresmittel (NO2, µg/m3);µg/m3;32.37;2013
Zürich_Paradeplatz;städtisch / Hintergrund;Stickstoffdioxid Jahresmittel (NO2, µg/m3);µg/m3;28.43;2014
Zürich_Paradeplatz;städtisch / Hintergrund;Stickstoffdioxid Jahresmittel (NO2, µg/m3);µg/m3;28.63;2015
Zürich_Paradeplatz;städtisch / Hintergrund;Stickstoffdioxid Jahresmittel (NO2, µg/m3);µg/m3;27.98;2016
Zürich_Paradeplatz;städtisch / Hintergrund;Stickstoffdioxid Jahresmittel (NO2, µg/m3);µg/m3;25.53;2017
Zürich_Paradeplatz;städtisch / Hintergrund;Stickstoffdioxid Jahresmittel (NO2, µg/m3);µg/m3;24.3;2018
Zürich_Paradeplatz;städtisch / Hintergrund;Stickstoffdioxid Jahresmittel (NO2, µg/m3);µg/m3;23.12;2019
Zürich_Paradeplatz;städtisch / Hintergrund;Stickstoffdioxid Jahresmittel (NO2, µg/m3);µg/m3;18.92;2020
Zürich_Paradeplatz;städtisch / Hintergrund;Stickstoffdioxid Jahresmittel (NO2, µg/m3);µg/m3;18.55;2021
Zürich_Paradeplatz;städtisch / Hintergrund;Stickstoffdioxid Jahresmittel (NO2, µg/m3);µg/m3;19.24;2022
Zürich_Bellevue;städtisch / verkehrsbelastet;Stickstoffdioxid Jahresmittel (NO2, µg/m3);µg/m3;57.8;2000
Zürich_Bellevue;städtisch / verkehrsbelastet;Stickstoffdioxid Jahresmittel (NO2, µg/m3);µg/m3;50.03;2001
Zürich_Bellevue;städtisch / verkehrsbelastet;Stickstoffdioxid Jahresmittel (NO2, µg/m3);µg/m3;51.94;2002
Zürich_Bellevue;städtisch / verkehrsbelastet;Stickstoffdioxid Jahresmittel (NO2, µg/m3);µg/m3;60.84;2003
Zürich_Bellevue;städtisch / verkehrsbelastet;Stickstoffdioxid Jahresmittel (NO2, µg/m3);µg/m3;54.55;2004
Zürich_Bellevue;städtisch / verkehrsbelastet;Stickstoffdioxid Jahresmittel (NO2, µg/m3);µg/m3;59.1;2005
Zürich_Bellevue;städtisch / verkehrsbelastet;Stickstoffdioxid Jahresmittel (NO2, µg/m3);µg/m3;62.12;2006
Zürich_Bellevue;städtisch / verkehrsbelastet;Stickstoffdioxid Jahresmittel (NO2, µg/m3);µg/m3;59.34;2007
Zürich_Bellevue;städtisch / verkehrsbelastet;Stickstoffdioxid Jahresmittel (NO2, µg/m3);µg/m3;55.8;2008
Zürich_Bellevue;städtisch / verkehrsbelastet;Stickstoffdioxid Jahresmittel (NO2, µg/m3);µg/m3;62.38;2009
Zürich_Bellevue;städtisch / verkehrsbelastet;Stickstoffdioxid Jahresmittel (NO2, µg/m3);µg/m3;61.16;2010
Zürich_Bellevue;städtisch / verkehrsbelastet;Stickstoffdioxid Jahresmittel (NO2, µg/m3);µg/m3;59.59;2011
Zürich_Bellevue;städtisch / verkehrsbelastet;Stickstoffdioxid Jahresmittel (NO2, µg/m3);µg/m3;56.61;2012
Zürich_Bellevue;städtisch / verkehrsbelastet;Stickstoffdioxid Jahresmittel (NO2, µg/m3);µg/m3;60.47;2013
Zürich_Bellevue;städtisch / verkehrsbelastet;Stickstoffdioxid Jahresmittel (NO2, µg/m3);µg/m3;53.63;2014
Zürich_Bellevue;städtisch / verkehrsbelastet;Stickstoffdioxid Jahresmittel (NO2, µg/m3);µg/m3;51.22;2015
Zürich_Bellevue;städtisch / verkehrsbelastet;Stickstoffdioxid Jahresmittel (NO2, µg/m3);µg/m3;54.18;2016
Zürich_Bellevue;städtisch / verkehrsbelastet;Stickstoffdioxid Jahresmittel (NO2, µg/m3);µg/m3;51.72;2017
Zürich_Bellevue;städtisch / verkehrsbelastet;Stickstoffdioxid Jahresmittel (NO2, µg/m3);µg/m3;48.01;2018
Zürich_Bellevue;städtisch / verkehrsbelastet;Stickstoffdioxid Jahresmittel (NO2, µg/m3);µg/m3;34.97;2019
Zürich_Bellevue;städtisch / verkehrsbelastet;Stickstoffdioxid Jahresmittel (NO2, µg/m3);µg/m3;38.91;2020
Zürich_Bellevue;städtisch / verkehrsbelastet;Stickstoffdioxid Jahresmittel (NO2, µg/m3);µg/m3;38.26;2021
Zürich_Bellevue;städtisch / verkehrsbelastet;Stickstoffdioxid Jahresmittel (NO2, µg/m3);µg/m3;37.4;2022
Zürich_Rosengarten;städtisch / verkehrsbelastet;Stickstoffdioxid Jahresmittel (NO2, µg/m3);µg/m3;45.02;2001
Zürich_Rosengarten;städtisch / verkehrsbelastet;Stickstoffdioxid Jahresmittel (NO2, µg/m3);µg/m3;45.3;2002
Zürich_Rosengarten;städtisch / verkehrsbelastet;Stickstoffdioxid Jahresmittel (NO2, µg/m3);µg/m3;52.05;2003
Zürich_Rosengarten;städtisch / verkehrsbelastet;Stickstoffdioxid Jahresmittel (NO2, µg/m3);µg/m3;46.32;2004
Zürich_Rosengarten;städtisch / verkehrsbelastet;Stickstoffdioxid Jahresmittel (NO2, µg/m3);µg/m3;49.72;2005
Zürich_Rosengarten;städtisch / verkehrsbelastet;Stickstoffdioxid Jahresmittel (NO2, µg/m3);µg/m3;52.72;2006
Zürich_Rosengarten;städtisch / verkehrsbelastet;Stickstoffdioxid Jahresmittel (NO2, µg/m3);µg/m3;51.09;2007
Zürich_Meientalstrasse;städtisch / Hintergrund;Stickstoffdioxid Jahresmittel (NO2, µg/m3);µg/m3;26.32;2000
Zürich_Meientalstrasse;städtisch / Hintergrund;Stickstoffdioxid Jahresmittel (NO2, µg/m3);µg/m3;23.23;2001
Zürich_Meientalstrasse;städtisch / Hintergrund;Stickstoffdioxid Jahresmittel (NO2, µg/m3);µg/m3;23.4;2002
Zürich_Meientalstrasse;städtisch / Hintergrund;Stickstoffdioxid Jahresmittel (NO2, µg/m3);µg/m3;25.74;2003
Zürich_Meientalstrasse;städtisch / Hintergrund;Stickstoffdioxid Jahresmittel (NO2, µg/m3);µg/m3;23.04;2004
Zürich_Meientalstrasse;städtisch / Hintergrund;Stickstoffdioxid Jahresmittel (NO2, µg/m3);µg/m3;23.85;2005
Zürich_Meientalstrasse;städtisch / Hintergrund;Stickstoffdioxid Jahresmittel (NO2, µg/m3);µg/m3;24.76;2006
Zürich_Meientalstrasse;städtisch / Hintergrund;Stickstoffdioxid Jahresmittel (NO2, µg/m3);µg/m3;22.11;2007
Zürich_Meientalstrasse;städtisch / Hintergrund;Stickstoffdioxid Jahresmittel (NO2, µg/m3);µg/m3;22.61;2008
Zürich_Meientalstrasse;städtisch / Hintergrund;Stickstoffdioxid Jahresmittel (NO2, µg/m3);µg/m3;23.2;2009
Zürich_Meientalstrasse;städtisch / Hintergrund;Stickstoffdioxid Jahresmittel (NO2, µg/m3);µg/m3;23.54;2010
Zürich_Meientalstrasse;städtisch / Hintergrund;Stickstoffdioxid Jahresmittel (NO2, µg/m3);µg/m3;22.07;2011
Zürich_Meientalstrasse;städtisch / Hintergrund;Stickstoffdioxid Jahresmittel (NO2, µg/m3);µg/m3;20.56;2012
Zürich_Meientalstrasse;städtisch / Hintergrund;Stickstoffdioxid Jahresmittel (NO2, µg/m3);µg/m3;20.11;2013
Zürich_Meientalstrasse;städtisch / Hintergrund;Stickstoffdioxid Jahresmittel (NO2, µg/m3);µg/m3;20.28;2014
Zürich_Meientalstrasse;städtisch / Hintergrund;Stickstoffdioxid Jahresmittel (NO2, µg/m3);µg/m3;20.15;2015
Zürich_Meientalstrasse;städtisch / Hintergrund;Stickstoffdioxid Jahresmittel (NO2, µg/m3);µg/m3;18.85;2016
Zürich_Meientalstrasse;städtisch / Hintergrund;Stickstoffdioxid Jahresmittel (NO2, µg/m3);µg/m3;17.11;2017
Zürich_Meientalstrasse;städtisch / Hintergrund;Stickstoffdioxid Jahresmittel (NO2, µg/m3);µg/m3;18.65;2018
Zürich_Meientalstrasse;städtisch / Hintergrund;Stickstoffdioxid Jahresmittel (NO2, µg/m3);µg/m3;16.99;2019
Zürich_Meientalstrasse;städtisch / Hintergrund;Stickstoffdioxid Jahresmittel (NO2, µg/m3);µg/m3;13.55;2020
Zürich_Meientalstrasse;städtisch / Hintergrund;Stickstoffdioxid Jahresmittel (NO2, µg/m3);µg/m3;14.68;2021
Zürich_Meientalstrasse;städtisch / Hintergrund;Stickstoffdioxid Jahresmittel (NO2, µg/m3);µg/m3;13.58;2022
Zürich_Wachtelstrasse;städtisch / Hintergrund;Stickstoffdioxid Jahresmittel (NO2, µg/m3);µg/m3;29.09;2000
Zürich_Wachtelstrasse;städtisch / Hintergrund;Stickstoffdioxid Jahresmittel (NO2, µg/m3);µg/m3;25.02;2001
Zürich_Wachtelstrasse;städtisch / Hintergrund;Stickstoffdioxid Jahresmittel (NO2, µg/m3);µg/m3;25.8;2002
Zürich_Wachtelstrasse;städtisch / Hintergrund;Stickstoffdioxid Jahresmittel (NO2, µg/m3);µg/m3;31.17;2003
Zürich_Wachtelstrasse;städtisch / Hintergrund;Stickstoffdioxid Jahresmittel (NO2, µg/m3);µg/m3;25.18;2004
Zürich_Wachtelstrasse;städtisch / Hintergrund;Stickstoffdioxid Jahresmittel (NO2, µg/m3);µg/m3;25.86;2005
Zürich_Wachtelstrasse;städtisch / Hintergrund;Stickstoffdioxid Jahresmittel (NO2, µg/m3);µg/m3;26.38;2006
Zürich_Wachtelstrasse;städtisch / Hintergrund;Stickstoffdioxid Jahresmittel (NO2, µg/m3);µg/m3;24.49;2007
Zürich_Wachtelstrasse;städtisch / Hintergrund;Stickstoffdioxid Jahresmittel (NO2, µg/m3);µg/m3;24.4;2008
Zürich_Wachtelstrasse;städtisch / Hintergrund;Stickstoffdioxid Jahresmittel (NO2, µg/m3);µg/m3;24.93;2009
Zürich_Wachtelstrasse;städtisch / Hintergrund;Stickstoffdioxid Jahresmittel (NO2, µg/m3);µg/m3;24.89;2010
Zürich_Wachtelstrasse;städtisch / Hintergrund;Stickstoffdioxid Jahresmittel (NO2, µg/m3);µg/m3;25.3;2011
Zürich_Wachtelstrasse;städtisch / Hintergrund;Stickstoffdioxid Jahresmittel (NO2, µg/m3);µg/m3;23.16;2012
Zürich_Wachtelstrasse;städtisch / Hintergrund;Stickstoffdioxid Jahresmittel (NO2, µg/m3);µg/m3;22.31;2013
Zürich_Wachtelstrasse;städtisch / Hintergrund;Stickstoffdioxid Jahresmittel (NO2, µg/m3);µg/m3;21.55;2014
Zürich_Wachtelstrasse;städtisch / Hintergrund;Stickstoffdioxid Jahresmittel (NO2, µg/m3);µg/m3;22.29;2015
Zürich_Wachtelstrasse;städtisch / Hintergrund;Stickstoffdioxid Jahresmittel (NO2, µg/m3);µg/m3;20.97;2016
Zürich_Wachtelstrasse;städtisch / Hintergrund;Stickstoffdioxid Jahresmittel (NO2, µg/m3);µg/m3;18.75;2017
Zürich_Wachtelstrasse;städtisch / Hintergrund;Stickstoffdioxid Jahresmittel (NO2, µg/m3);µg/m3;18.96;2018
Zürich_Wachtelstrasse;städtisch / Hintergrund;Stickstoffdioxid Jahresmittel (NO2, µg/m3);µg/m3;18.23;2019
Zürich_Wachtelstrasse;städtisch / Hintergrund;Stickstoffdioxid Jahresmittel (NO2, µg/m3);µg/m3;15.52;2020
Zürich_Wachtelstrasse;städtisch / Hintergrund;Stickstoffdioxid Jahresmittel (NO2, µg/m3);µg/m3;14.94;2021
Zürich_Wachtelstrasse;städtisch / Hintergrund;Stickstoffdioxid Jahresmittel (NO2, µg/m3);µg/m3;14.88;2022
Zürich_Eichbühlstrasse 43;städtisch / Hintergrund;Stickstoffdioxid Jahresmittel (NO2, µg/m3);µg/m3;31.88;2004
Zürich_Eichbühlstrasse 43;städtisch / Hintergrund;Stickstoffdioxid Jahresmittel (NO2, µg/m3);µg/m3;33.14;2006
Zürich_Eichbühlstrasse 43;städtisch / Hintergrund;Stickstoffdioxid Jahresmittel (NO2, µg/m3);µg/m3;29.8;2008
Zürich_Eichbühlstrasse 43;städtisch / Hintergrund;Stickstoffdioxid Jahresmittel (NO2, µg/m3);µg/m3;27.55;2012
Zürich_Eichbühlstrasse 43;städtisch / Hintergrund;Stickstoffdioxid Jahresmittel (NO2, µg/m3);µg/m3;17.48;2020
Zürich_Birchstrasse 579;städtisch / Hintergrund;Stickstoffdioxid Jahresmittel (NO2, µg/m3);µg/m3;25.44;2004
Zürich_Birchstrasse 579;städtisch / Hintergrund;Stickstoffdioxid Jahresmittel (NO2, µg/m3);µg/m3;24.51;2008
Zürich_Birchstrasse 579;städtisch / Hintergrund;Stickstoffdioxid Jahresmittel (NO2, µg/m3);µg/m3;23.91;2012
Zürich_Birchstrasse 579;städtisch / Hintergrund;Stickstoffdioxid Jahresmittel (NO2, µg/m3);µg/m3;16.33;2020
Zürich_Schulhaus Seefeld;städtisch / Hintergrund;Stickstoffdioxid Jahresmittel (NO2, µg/m3);µg/m3;25.38;2004
Zürich_Schulhaus Seefeld;städtisch / Hintergrund;Stickstoffdioxid Jahresmittel (NO2, µg/m3);µg/m3;25.38;2008
Zürich_Schulhaus Seefeld;städtisch / Hintergrund;Stickstoffdioxid Jahresmittel (NO2, µg/m3);µg/m3;22.83;2012
Zürich_Schulhaus Seefeld;städtisch / Hintergrund;Stickstoffdioxid Jahresmittel (NO2, µg/m3);µg/m3;14.51;2020
Zürich_Josefstrasse 175;städtisch / Hintergrund;Stickstoffdioxid Jahresmittel (NO2, µg/m3);µg/m3;29.69;2004
Zürich_Josefstrasse 175;städtisch / Hintergrund;Stickstoffdioxid Jahresmittel (NO2, µg/m3);µg/m3;27.99;2008
Zürich_Josefstrasse 175;städtisch / Hintergrund;Stickstoffdioxid Jahresmittel (NO2, µg/m3);µg/m3;26.5;2012
Zürich_Josefstrasse 175;städtisch / Hintergrund;Stickstoffdioxid Jahresmittel (NO2, µg/m3);µg/m3;17.6;2020
Zürich_Strandbad Mythenquai;städtisch / Hintergrund;Stickstoffdioxid Jahresmittel (NO2, µg/m3);µg/m3;30.3;2004
Zürich_Strandbad Mythenquai;städtisch / Hintergrund;Stickstoffdioxid Jahresmittel (NO2, µg/m3);µg/m3;30.31;2008
Zürich_Strandbad Mythenquai;städtisch / Hintergrund;Stickstoffdioxid Jahresmittel (NO2, µg/m3);µg/m3;28.15;2012
Zürich_Strandbad Mythenquai;städtisch / Hintergrund;Stickstoffdioxid Jahresmittel (NO2, µg/m3);µg/m3;18.56;2020
Zürich_Schulhaus Vogtsrain;städtisch / Hintergrund;Stickstoffdioxid Jahresmittel (NO2, µg/m3);µg/m3;23.73;2004
Zürich_Schulhaus Vogtsrain;städtisch / Hintergrund;Stickstoffdioxid Jahresmittel (NO2, µg/m3);µg/m3;23.28;2008
Zürich_Schulhaus Vogtsrain;städtisch / Hintergrund;Stickstoffdioxid Jahresmittel (NO2, µg/m3);µg/m3;21.95;2012
Zürich_Schulhaus Vogtsrain;städtisch / Hintergrund;Stickstoffdioxid Jahresmittel (NO2, µg/m3);µg/m3;14.6;2020
Zürich_In Böden 123;städtisch / Hintergrund;Stickstoffdioxid Jahresmittel (NO2, µg/m3);µg/m3;26.08;2004
Zürich_In Böden 123;städtisch / Hintergrund;Stickstoffdioxid Jahresmittel (NO2, µg/m3);µg/m3;25.81;2008
Zürich_In Böden 123;städtisch / Hintergrund;Stickstoffdioxid Jahresmittel (NO2, µg/m3);µg/m3;25.33;2012
Zürich_In Böden 123;städtisch / Hintergrund;Stickstoffdioxid Jahresmittel (NO2, µg/m3);µg/m3;17.05;2020
Zürich_Schulhaus Hirzenbach;städtisch / Hintergrund;Stickstoffdioxid Jahresmittel (NO2, µg/m3);µg/m3;23.83;2004
Zürich_Schulhaus Hirzenbach;städtisch / Hintergrund;Stickstoffdioxid Jahresmittel (NO2, µg/m3);µg/m3;25.8;2005
Zürich_Schulhaus Hirzenbach;städtisch / Hintergrund;Stickstoffdioxid Jahresmittel (NO2, µg/m3);µg/m3;26.47;2006
Zürich_Schulhaus Hirzenbach;städtisch / Hintergrund;Stickstoffdioxid Jahresmittel (NO2, µg/m3);µg/m3;25.51;2007
Zürich_Schulhaus Hirzenbach;städtisch / Hintergrund;Stickstoffdioxid Jahresmittel (NO2, µg/m3);µg/m3;24.41;2008
Zürich_Schulhaus Hirzenbach;städtisch / Hintergrund;Stickstoffdioxid Jahresmittel (NO2, µg/m3);µg/m3;24.64;2009
Zürich_Schulhaus Hirzenbach;städtisch / Hintergrund;Stickstoffdioxid Jahresmittel (NO2, µg/m3);µg/m3;24.72;2010
Zürich_Schulhaus Hirzenbach;städtisch / Hintergrund;Stickstoffdioxid Jahresmittel (NO2, µg/m3);µg/m3;23.74;2011
Zürich_Schulhaus Hirzenbach;städtisch / Hintergrund;Stickstoffdioxid Jahresmittel (NO2, µg/m3);µg/m3;22.54;2012
Zürich_Schulhaus Hirzenbach;städtisch / Hintergrund;Stickstoffdioxid Jahresmittel (NO2, µg/m3);µg/m3;22.08;2013
Zürich_Schulhaus Hirzenbach;städtisch / Hintergrund;Stickstoffdioxid Jahresmittel (NO2, µg/m3);µg/m3;20.46;2014
Zürich_Schulhaus Hirzenbach;städtisch / Hintergrund;Stickstoffdioxid Jahresmittel (NO2, µg/m3);µg/m3;21.23;2015
Zürich_Schulhaus Hirzenbach;städtisch / Hintergrund;Stickstoffdioxid Jahresmittel (NO2, µg/m3);µg/m3;20.49;2016
Zürich_Schulhaus Hirzenbach;städtisch / Hintergrund;Stickstoffdioxid Jahresmittel (NO2, µg/m3);µg/m3;18.28;2017
Zürich_Schulhaus Hirzenbach;städtisch / Hintergrund;Stickstoffdioxid Jahresmittel (NO2, µg/m3);µg/m3;18.14;2018
Zürich_Schulhaus Hirzenbach;städtisch / Hintergrund;Stickstoffdioxid Jahresmittel (NO2, µg/m3);µg/m3;19.43;2019
Zürich_Schulhaus Hirzenbach;städtisch / Hintergrund;Stickstoffdioxid Jahresmittel (NO2, µg/m3);µg/m3;14.39;2020
Zürich_Schulhaus Hirzenbach;städtisch / Hintergrund;Stickstoffdioxid Jahresmittel (NO2, µg/m3);µg/m3;14.3;2021
Zürich_Schulhaus Hirzenbach;städtisch / Hintergrund;Stickstoffdioxid Jahresmittel (NO2, µg/m3);µg/m3;14.13;2022
Opfikon_Kreisel Glatthof;städtisch / verkehrsbelastet;Stickstoffdioxid Jahresmittel (NO2, µg/m3);µg/m3;45.09;2011
Opfikon_Kreisel Glatthof;städtisch / verkehrsbelastet;Stickstoffdioxid Jahresmittel (NO2, µg/m3);µg/m3;44.38;2012
Opfikon_Kreisel Glatthof;städtisch / verkehrsbelastet;Stickstoffdioxid Jahresmittel (NO2, µg/m3);µg/m3;33.87;2019
Opfikon_Kreisel Glatthof;städtisch / verkehrsbelastet;Stickstoffdioxid Jahresmittel (NO2, µg/m3);µg/m3;27.57;2021
Opfikon_Kreisel Glatthof;städtisch / verkehrsbelastet;Stickstoffdioxid Jahresmittel (NO2, µg/m3);µg/m3;28.07;2022
Opfikon_Earhart-Strasse 5;städtisch / Hintergrund;Stickstoffdioxid Jahresmittel (NO2, µg/m3);µg/m3;30.34;2016
Opfikon_Earhart-Strasse 5;städtisch / Hintergrund;Stickstoffdioxid Jahresmittel (NO2, µg/m3);µg/m3;26.16;2019
Opfikon_Earhart-Strasse 5;städtisch / Hintergrund;Stickstoffdioxid Jahresmittel (NO2, µg/m3);µg/m3;22;2022
Opfikon_Hamilton-Promenade;städtisch / Hintergrund;Stickstoffdioxid Jahresmittel (NO2, µg/m3);µg/m3;26.14;2016
Opfikon_Hamilton-Promenade;städtisch / Hintergrund;Stickstoffdioxid Jahresmittel (NO2, µg/m3);µg/m3;22.71;2019
Opfikon_Dufauxstrasse 54;städtisch / Hintergrund;Stickstoffdioxid Jahresmittel (NO2, µg/m3);µg/m3;25.42;2016
Opfikon_Dufauxstrasse 54;städtisch / Hintergrund;Stickstoffdioxid Jahresmittel (NO2, µg/m3);µg/m3;22;2019
Opfikon_Boulevard Lilienthal 51;städtisch / Hintergrund;Stickstoffdioxid Jahresmittel (NO2, µg/m3);µg/m3;28.34;2016
Opfikon_Boulevard Lilienthal 51;städtisch / Hintergrund;Stickstoffdioxid Jahresmittel (NO2, µg/m3);µg/m3;24.72;2019
Höri_Pflanzgarten;ländlich / Hintergrund;Stickstoffdioxid Jahresmittel (NO2, µg/m3);µg/m3;15.7;2002
Höri_Pflanzgarten;ländlich / Hintergrund;Stickstoffdioxid Jahresmittel (NO2, µg/m3);µg/m3;17.03;2003
Höri_Pflanzgarten;ländlich / Hintergrund;Stickstoffdioxid Jahresmittel (NO2, µg/m3);µg/m3;14.85;2004
Höri_Pflanzgarten;ländlich / Hintergrund;Stickstoffdioxid Jahresmittel (NO2, µg/m3);µg/m3;15.32;2005
Höri_Pflanzgarten;ländlich / Hintergrund;Stickstoffdioxid Jahresmittel (NO2, µg/m3);µg/m3;16.65;2006
Höri_Pflanzgarten;ländlich / Hintergrund;Stickstoffdioxid Jahresmittel (NO2, µg/m3);µg/m3;14.71;2007
Höri_Pflanzgarten;ländlich / Hintergrund;Stickstoffdioxid Jahresmittel (NO2, µg/m3);µg/m3;15.83;2008
Höri_Pflanzgarten;ländlich / Hintergrund;Stickstoffdioxid Jahresmittel (NO2, µg/m3);µg/m3;15.12;2009
Höri_Pflanzgarten;ländlich / Hintergrund;Stickstoffdioxid Jahresmittel (NO2, µg/m3);µg/m3;14.91;2010
Höri_Pflanzgarten;ländlich / Hintergrund;Stickstoffdioxid Jahresmittel (NO2, µg/m3);µg/m3;14.33;2011
Höri_Pflanzgarten;ländlich / Hintergrund;Stickstoffdioxid Jahresmittel (NO2, µg/m3);µg/m3;13.85;2012
Höri_Pflanzgarten;ländlich / Hintergrund;Stickstoffdioxid Jahresmittel (NO2, µg/m3);µg/m3;13.31;2013
Höri_Pflanzgarten;ländlich / Hintergrund;Stickstoffdioxid Jahresmittel (NO2, µg/m3);µg/m3;12.53;2014
Höri_Pflanzgarten;ländlich / Hintergrund;Stickstoffdioxid Jahresmittel (NO2, µg/m3);µg/m3;13.44;2015
Höri_Pflanzgarten;ländlich / Hintergrund;Stickstoffdioxid Jahresmittel (NO2, µg/m3);µg/m3;12.21;2016
Höri_Pflanzgarten;ländlich / Hintergrund;Stickstoffdioxid Jahresmittel (NO2, µg/m3);µg/m3;12.13;2017
Höri_Pflanzgarten;ländlich / Hintergrund;Stickstoffdioxid Jahresmittel (NO2, µg/m3);µg/m3;11.25;2018
Höri_Pflanzgarten;ländlich / Hintergrund;Stickstoffdioxid Jahresmittel (NO2, µg/m3);µg/m3;11.6;2019
Höri_Pflanzgarten;ländlich / Hintergrund;Stickstoffdioxid Jahresmittel (NO2, µg/m3);µg/m3;9.15;2020
Höri_Pflanzgarten;ländlich / Hintergrund;Stickstoffdioxid Jahresmittel (NO2, µg/m3);µg/m3;9.05;2021
Illnau-Effretikon_Örmis;ländlich / Hintergrund;Stickstoffdioxid Jahresmittel (NO2, µg/m3);µg/m3;15.9;2002
Winterthur_Technikumstrasse 79;städtisch / verkehrsbelastet;Stickstoffdioxid Jahresmittel (NO2, µg/m3);µg/m3;50;2000
Winterthur_Technikumstrasse 79;städtisch / verkehrsbelastet;Stickstoffdioxid Jahresmittel (NO2, µg/m3);µg/m3;48;2001
Winterthur_Technikumstrasse 79;städtisch / verkehrsbelastet;Stickstoffdioxid Jahresmittel (NO2, µg/m3);µg/m3;49.1;2002
Winterthur_Technikumstrasse 79;städtisch / verkehrsbelastet;Stickstoffdioxid Jahresmittel (NO2, µg/m3);µg/m3;57.59;2003
Winterthur_Technikumstrasse 79;städtisch / verkehrsbelastet;Stickstoffdioxid Jahresmittel (NO2, µg/m3);µg/m3;53.67;2004
Winterthur_Technikumstrasse 79;städtisch / verkehrsbelastet;Stickstoffdioxid Jahresmittel (NO2, µg/m3);µg/m3;56.28;2005
Winterthur_Technikumstrasse 79;städtisch / verkehrsbelastet;Stickstoffdioxid Jahresmittel (NO2, µg/m3);µg/m3;56.93;2006
Winterthur_Technikumstrasse 79;städtisch / verkehrsbelastet;Stickstoffdioxid Jahresmittel (NO2, µg/m3);µg/m3;53.39;2007
Winterthur_Technikumstrasse 79;städtisch / verkehrsbelastet;Stickstoffdioxid Jahresmittel (NO2, µg/m3);µg/m3;51.65;2008
Winterthur_Technikumstrasse 79;städtisch / verkehrsbelastet;Stickstoffdioxid Jahresmittel (NO2, µg/m3);µg/m3;52.95;2009
Winterthur_Technikumstrasse 79;städtisch / verkehrsbelastet;Stickstoffdioxid Jahresmittel (NO2, µg/m3);µg/m3;54.56;2010
Winterthur_Technikumstrasse 79;städtisch / verkehrsbelastet;Stickstoffdioxid Jahresmittel (NO2, µg/m3);µg/m3;49.94;2011
Winterthur_Technikumstrasse 79;städtisch / verkehrsbelastet;Stickstoffdioxid Jahresmittel (NO2, µg/m3);µg/m3;53.67;2012
Winterthur_Technikumstrasse 79;städtisch / verkehrsbelastet;Stickstoffdioxid Jahresmittel (NO2, µg/m3);µg/m3;54.49;2013
Winterthur_Technikumstrasse 79;städtisch / verkehrsbelastet;Stickstoffdioxid Jahresmittel (NO2, µg/m3);µg/m3;47.83;2014
Winterthur_Technikumstrasse 79;städtisch / verkehrsbelastet;Stickstoffdioxid Jahresmittel (NO2, µg/m3);µg/m3;50.78;2015
Winterthur_Technikumstrasse 79;städtisch / verkehrsbelastet;Stickstoffdioxid Jahresmittel (NO2, µg/m3);µg/m3;48.69;2016
Winterthur_Technikumstrasse 79;städtisch / verkehrsbelastet;Stickstoffdioxid Jahresmittel (NO2, µg/m3);µg/m3;46.96;2017
Winterthur_Technikumstrasse 79;städtisch / verkehrsbelastet;Stickstoffdioxid Jahresmittel (NO2, µg/m3);µg/m3;43.19;2018
Winterthur_Technikumstrasse 79;städtisch / verkehrsbelastet;Stickstoffdioxid Jahresmittel (NO2, µg/m3);µg/m3;39.55;2019
Winterthur_Technikumstrasse 79;städtisch / verkehrsbelastet;Stickstoffdioxid Jahresmittel (NO2, µg/m3);µg/m3;34;2020
Winterthur_Technikumstrasse 79;städtisch / verkehrsbelastet;Stickstoffdioxid Jahresmittel (NO2, µg/m3);µg/m3;33.23;2021
Winterthur_Technikumstrasse 79;städtisch / verkehrsbelastet;Stickstoffdioxid Jahresmittel (NO2, µg/m3);µg/m3;32.71;2022
Winterthur_Sulzerallee 3;städtisch / Hintergrund;Stickstoffdioxid Jahresmittel (NO2, µg/m3);µg/m3;22.75;2013
Winterthur_Sulzerallee 3;städtisch / Hintergrund;Stickstoffdioxid Jahresmittel (NO2, µg/m3);µg/m3;19.48;2014
Winterthur_Sulzerallee 3;städtisch / Hintergrund;Stickstoffdioxid Jahresmittel (NO2, µg/m3);µg/m3;19.83;2015
Winterthur_Sulzerallee 3;städtisch / Hintergrund;Stickstoffdioxid Jahresmittel (NO2, µg/m3);µg/m3;19.33;2016
Winterthur_Ohrbühlstrasse 93;städtisch / Hintergrund;Stickstoffdioxid Jahresmittel (NO2, µg/m3);µg/m3;25.48;2013
Winterthur_Ohrbühlstrasse 93;städtisch / Hintergrund;Stickstoffdioxid Jahresmittel (NO2, µg/m3);µg/m3;22.51;2014
Winterthur_Ohrbühlstrasse 93;städtisch / Hintergrund;Stickstoffdioxid Jahresmittel (NO2, µg/m3);µg/m3;23.36;2015
Winterthur_Ohrbühlstrasse 93;städtisch / Hintergrund;Stickstoffdioxid Jahresmittel (NO2, µg/m3);µg/m3;21.42;2016
Winterthur_Ohrbühlstrasse 93;städtisch / Hintergrund;Stickstoffdioxid Jahresmittel (NO2, µg/m3);µg/m3;16.37;2020
Winterthur_Rümikerstrasse 16;städtisch / Hintergrund;Stickstoffdioxid Jahresmittel (NO2, µg/m3);µg/m3;22.43;2013
Winterthur_Rümikerstrasse 16;städtisch / Hintergrund;Stickstoffdioxid Jahresmittel (NO2, µg/m3);µg/m3;19.62;2014
Winterthur_Rümikerstrasse 16;städtisch / Hintergrund;Stickstoffdioxid Jahresmittel (NO2, µg/m3);µg/m3;20.25;2015
Winterthur_Rümikerstrasse 16;städtisch / Hintergrund;Stickstoffdioxid Jahresmittel (NO2, µg/m3);µg/m3;20.29;2016
Winterthur_Frauenfelderstrasse;städtisch / verkehrsbelastet;Stickstoffdioxid Jahresmittel (NO2, µg/m3);µg/m3;35.38;2017
Winterthur_Frauenfelderstrasse;städtisch / verkehrsbelastet;Stickstoffdioxid Jahresmittel (NO2, µg/m3);µg/m3;32.83;2018
Winterthur_Frauenfelderstrasse;städtisch / verkehrsbelastet;Stickstoffdioxid Jahresmittel (NO2, µg/m3);µg/m3;28.69;2019
Winterthur_Frauenfelderstrasse;städtisch / verkehrsbelastet;Stickstoffdioxid Jahresmittel (NO2, µg/m3);µg/m3;28.19;2020
Winterthur_Lindstrasse;städtisch / verkehrsbelastet;Stickstoffdioxid Jahresmittel (NO2, µg/m3);µg/m3;31.19;2017
Winterthur_Neuwiesenstrasse;städtisch / verkehrsbelastet;Stickstoffdioxid Jahresmittel (NO2, µg/m3);µg/m3;43.44;2017
Winterthur_Neuwiesenstrasse;städtisch / verkehrsbelastet;Stickstoffdioxid Jahresmittel (NO2, µg/m3);µg/m3;41.09;2018
Winterthur_Neuwiesenstrasse;städtisch / verkehrsbelastet;Stickstoffdioxid Jahresmittel (NO2, µg/m3);µg/m3;34.85;2019
Winterthur_Neuwiesenstrasse;städtisch / verkehrsbelastet;Stickstoffdioxid Jahresmittel (NO2, µg/m3);µg/m3;34.56;2020
Winterthur_Neuwiesenstrasse;städtisch / verkehrsbelastet;Stickstoffdioxid Jahresmittel (NO2, µg/m3);µg/m3;33.24;2021
Winterthur_Neuwiesenstrasse;städtisch / verkehrsbelastet;Stickstoffdioxid Jahresmittel (NO2, µg/m3);µg/m3;32.48;2022
Winterthur_Zürcherstrasse;städtisch / verkehrsbelastet;Stickstoffdioxid Jahresmittel (NO2, µg/m3);µg/m3;37.05;2017
Winterthur_St. Gallerstrasse 2;städtisch / verkehrsbelastet;Stickstoffdioxid Jahresmittel (NO2, µg/m3);µg/m3;36.54;2017
Winterthur_Mühlestrasse;städtisch / Hintergrund;Stickstoffdioxid Jahresmittel (NO2, µg/m3);µg/m3;16.46;2017
Winterthur_Metzggasse;städtisch / Hintergrund;Stickstoffdioxid Jahresmittel (NO2, µg/m3);µg/m3;19.99;2017
Winterthur_Metzggasse;städtisch / Hintergrund;Stickstoffdioxid Jahresmittel (NO2, µg/m3);µg/m3;18.87;2018
Winterthur_Metzggasse;städtisch / Hintergrund;Stickstoffdioxid Jahresmittel (NO2, µg/m3);µg/m3;20.8;2019
Turbenthal_Tablat;ländlich / Hintergrund;Stickstoffdioxid Jahresmittel (NO2, µg/m3);µg/m3;5.73;2019
Uster_Stadthaus;städtisch / Hintergrund;Stickstoffdioxid Jahresmittel (NO2, µg/m3);µg/m3;26.9;2002
Uster_Stadthaus;städtisch / Hintergrund;Stickstoffdioxid Jahresmittel (NO2, µg/m3);µg/m3;31.23;2003
Uster_Stadthaus;städtisch / Hintergrund;Stickstoffdioxid Jahresmittel (NO2, µg/m3);µg/m3;28.56;2004
Uster_Stadthaus;städtisch / Hintergrund;Stickstoffdioxid Jahresmittel (NO2, µg/m3);µg/m3;28.85;2005
Uster_Stadthaus;städtisch / Hintergrund;Stickstoffdioxid Jahresmittel (NO2, µg/m3);µg/m3;30.76;2006
Uster_Stadthaus;städtisch / Hintergrund;Stickstoffdioxid Jahresmittel (NO2, µg/m3);µg/m3;28.04;2007
Uster_Stadthaus;städtisch / Hintergrund;Stickstoffdioxid Jahresmittel (NO2, µg/m3);µg/m3;28.38;2008
Uster_Stadthaus;städtisch / Hintergrund;Stickstoffdioxid Jahresmittel (NO2, µg/m3);µg/m3;28.03;2009
Uster_Stadthaus;städtisch / Hintergrund;Stickstoffdioxid Jahresmittel (NO2, µg/m3);µg/m3;29.23;2010
Uster_Stadthaus;städtisch / Hintergrund;Stickstoffdioxid Jahresmittel (NO2, µg/m3);µg/m3;25.11;2011
Uster_Stadthaus;städtisch / Hintergrund;Stickstoffdioxid Jahresmittel (NO2, µg/m3);µg/m3;25.42;2012
Uster_Stadthaus;städtisch / Hintergrund;Stickstoffdioxid Jahresmittel (NO2, µg/m3);µg/m3;27.31;2013
Uster_Stadthaus;städtisch / Hintergrund;Stickstoffdioxid Jahresmittel (NO2, µg/m3);µg/m3;24.18;2014
Uster_Stadthaus;städtisch / Hintergrund;Stickstoffdioxid Jahresmittel (NO2, µg/m3);µg/m3;25.95;2015
Uster_Stadthaus;städtisch / Hintergrund;Stickstoffdioxid Jahresmittel (NO2, µg/m3);µg/m3;24.07;2016
Uster_Stadthaus;städtisch / Hintergrund;Stickstoffdioxid Jahresmittel (NO2, µg/m3);µg/m3;22.88;2017
Uster_Stadthaus;städtisch / Hintergrund;Stickstoffdioxid Jahresmittel (NO2, µg/m3);µg/m3;21.74;2018
Uster_Stadthaus;städtisch / Hintergrund;Stickstoffdioxid Jahresmittel (NO2, µg/m3);µg/m3;22.97;2019
Uster_Stadthaus;städtisch / Hintergrund;Stickstoffdioxid Jahresmittel (NO2, µg/m3);µg/m3;17.06;2020
Uster_Stadthaus;städtisch / Hintergrund;Stickstoffdioxid Jahresmittel (NO2, µg/m3);µg/m3;16.76;2022
Wetzikon_Hans Georg Nägelistrasse;städtisch / Hintergrund;Stickstoffdioxid Jahresmittel (NO2, µg/m3);µg/m3;17.68;2015
Wetzikon_Robenhuserriet;ländlich / Hintergrund;Stickstoffdioxid Jahresmittel (NO2, µg/m3);µg/m3;10.72;2019
Wettswil_Eichholzkamin;ländlich / Hintergrund;Stickstoffdioxid Jahresmittel (NO2, µg/m3);µg/m3;14.93;2007
Wettswil_Eichholzkamin;ländlich / Hintergrund;Stickstoffdioxid Jahresmittel (NO2, µg/m3);µg/m3;15.9;2008
Wettswil_Eichholzkamin;ländlich / Hintergrund;Stickstoffdioxid Jahresmittel (NO2, µg/m3);µg/m3;15.35;2009
Wettswil_Eichholzkamin;ländlich / Hintergrund;Stickstoffdioxid Jahresmittel (NO2, µg/m3);µg/m3;16.39;2010
Wettswil_Eichholzkamin;ländlich / Hintergrund;Stickstoffdioxid Jahresmittel (NO2, µg/m3);µg/m3;14.82;2011
Wettswil_Eichholzkamin;ländlich / Hintergrund;Stickstoffdioxid Jahresmittel (NO2, µg/m3);µg/m3;14.4;2012
Mettmenstetten_Sunneggstrasse 12;ländlich / Hintergrund;Stickstoffdioxid Jahresmittel (NO2, µg/m3);µg/m3;16.27;2007
Mettmenstetten_Sunneggstrasse 12;ländlich / Hintergrund;Stickstoffdioxid Jahresmittel (NO2, µg/m3);µg/m3;17.5;2008
Mettmenstetten_Sunneggstrasse 12;ländlich / Hintergrund;Stickstoffdioxid Jahresmittel (NO2, µg/m3);µg/m3;18.28;2009
Knonau_Ägelsee;ländlich / Hintergrund;Stickstoffdioxid Jahresmittel (NO2, µg/m3);µg/m3;9.46;2019
Knonau_Ägelsee;ländlich / Hintergrund;Stickstoffdioxid Jahresmittel (NO2, µg/m3);µg/m3;9.25;2021
Knonau_Ägelsee;ländlich / Hintergrund;Stickstoffdioxid Jahresmittel (NO2, µg/m3);µg/m3;8.83;2022
Bachtel_Sennenberg;ländlich / Hintergrund;Stickstoffdioxid Jahresmittel (NO2, µg/m3);µg/m3;5.11;2014
Bachtel_Sennenberg;ländlich / Hintergrund;Stickstoffdioxid Jahresmittel (NO2, µg/m3);µg/m3;4.93;2015
Bachtel_Sennenberg;ländlich / Hintergrund;Stickstoffdioxid Jahresmittel (NO2, µg/m3);µg/m3;4.35;2017
Bachtel_Sennenberg;ländlich / Hintergrund;Stickstoffdioxid Jahresmittel (NO2, µg/m3);µg/m3;5.25;2019
Bachtel_Sennenberg;ländlich / Hintergrund;Stickstoffdioxid Jahresmittel (NO2, µg/m3);µg/m3;3.28;2020
Bachtel/Wald;ländlich / Hintergrund;Stickstoffdioxid Jahresmittel (NO2, µg/m3);µg/m3;7.15;2000
Bachtel/Wald;ländlich / Hintergrund;Stickstoffdioxid Jahresmittel (NO2, µg/m3);µg/m3;7.3;2002
Bachtel/Wald;ländlich / Hintergrund;Stickstoffdioxid Jahresmittel (NO2, µg/m3);µg/m3;6.89;2003
Bachtel/Wald;ländlich / Hintergrund;Stickstoffdioxid Jahresmittel (NO2, µg/m3);µg/m3;6;2004
Bachtel/Wald;ländlich / Hintergrund;Stickstoffdioxid Jahresmittel (NO2, µg/m3);µg/m3;5.93;2005
Bachtel/Wald;ländlich / Hintergrund;Stickstoffdioxid Jahresmittel (NO2, µg/m3);µg/m3;6.16;2006
Bachtel/Wald;ländlich / Hintergrund;Stickstoffdioxid Jahresmittel (NO2, µg/m3);µg/m3;5.99;2007
Bachtel/Wald;ländlich / Hintergrund;Stickstoffdioxid Jahresmittel (NO2, µg/m3);µg/m3;7.57;2008
Bachtel/Wald;ländlich / Hintergrund;Stickstoffdioxid Jahresmittel (NO2, µg/m3);µg/m3;5.95;2009
Kloten_Feld;städtisch / Hintergrund;Stickstoffdioxid Jahresmittel (NO2, µg/m3);µg/m3;16.7;2021
Kloten_Feld;städtisch / Hintergrund;Stickstoffdioxid Jahresmittel (NO2, µg/m3);µg/m3;16.37;2022
Opfikon_Balsberg;städtisch / verkehrsbelastet;Stickstoffdioxid Jahresmittel (NO2, µg/m3);µg/m3;38.92;2002
Opfikon_Balsberg;städtisch / verkehrsbelastet;Stickstoffdioxid Jahresmittel (NO2, µg/m3);µg/m3;38.52;2004
Opfikon_Balsberg;städtisch / verkehrsbelastet;Stickstoffdioxid Jahresmittel (NO2, µg/m3);µg/m3;43.29;2006
Opfikon_Balsberg;städtisch / verkehrsbelastet;Stickstoffdioxid Jahresmittel (NO2, µg/m3);µg/m3;44.56;2008
Opfikon_Balsberg;städtisch / verkehrsbelastet;Stickstoffdioxid Jahresmittel (NO2, µg/m3);µg/m3;42.1;2009
Opfikon_Balsberg;städtisch / verkehrsbelastet;Stickstoffdioxid Jahresmittel (NO2, µg/m3);µg/m3;45.7;2010
Opfikon_Balsberg;städtisch / verkehrsbelastet;Stickstoffdioxid Jahresmittel (NO2, µg/m3);µg/m3;41.59;2011
Opfikon_Balsberg;städtisch / verkehrsbelastet;Stickstoffdioxid Jahresmittel (NO2, µg/m3);µg/m3;42.4;2012
Opfikon_Balsberg;städtisch / verkehrsbelastet;Stickstoffdioxid Jahresmittel (NO2, µg/m3);µg/m3;48.29;2013
Opfikon_Balsberg;städtisch / verkehrsbelastet;Stickstoffdioxid Jahresmittel (NO2, µg/m3);µg/m3;41.13;2014
Opfikon_Balsberg;städtisch / verkehrsbelastet;Stickstoffdioxid Jahresmittel (NO2, µg/m3);µg/m3;39.89;2015
Opfikon_Balsberg;städtisch / verkehrsbelastet;Stickstoffdioxid Jahresmittel (NO2, µg/m3);µg/m3;40.25;2016
Opfikon_Balsberg;städtisch / verkehrsbelastet;Stickstoffdioxid Jahresmittel (NO2, µg/m3);µg/m3;38.07;2017
Opfikon_Balsberg;städtisch / verkehrsbelastet;Stickstoffdioxid Jahresmittel (NO2, µg/m3);µg/m3;33.53;2018
Opfikon_Balsberg;städtisch / verkehrsbelastet;Stickstoffdioxid Jahresmittel (NO2, µg/m3);µg/m3;33.43;2019
Opfikon_Balsberg;städtisch / verkehrsbelastet;Stickstoffdioxid Jahresmittel (NO2, µg/m3);µg/m3;26.87;2020
Opfikon_Balsberg;städtisch / verkehrsbelastet;Stickstoffdioxid Jahresmittel (NO2, µg/m3);µg/m3;26.95;2021
Opfikon_Balsberg;städtisch / verkehrsbelastet;Stickstoffdioxid Jahresmittel (NO2, µg/m3);µg/m3;26.32;2022
Opfikon_Glattpark;städtisch / Hintergrund;Stickstoffdioxid Jahresmittel (NO2, µg/m3);µg/m3;25.35;2019
Opfikon_Glattpark;städtisch / Hintergrund;Stickstoffdioxid Jahresmittel (NO2, µg/m3);µg/m3;19.19;2022
Tänikon_NABEL;ländlich / Hintergrund;Stickstoffdioxid Jahresmittel (NO2, µg/m3);µg/m3;14.69;2000
Tänikon_NABEL;ländlich / Hintergrund;Stickstoffdioxid Jahresmittel (NO2, µg/m3);µg/m3;13.44;2001
Tänikon_NABEL;ländlich / Hintergrund;Stickstoffdioxid Jahresmittel (NO2, µg/m3);µg/m3;14.51;2002
Tänikon_NABEL;ländlich / Hintergrund;Stickstoffdioxid Jahresmittel (NO2, µg/m3);µg/m3;16.27;2003
Tänikon_NABEL;ländlich / Hintergrund;Stickstoffdioxid Jahresmittel (NO2, µg/m3);µg/m3;14.61;2004
Tänikon_NABEL;ländlich / Hintergrund;Stickstoffdioxid Jahresmittel (NO2, µg/m3);µg/m3;14.7;2005
Tänikon_NABEL;ländlich / Hintergrund;Stickstoffdioxid Jahresmittel (NO2, µg/m3);µg/m3;15.53;2006
Tänikon_NABEL;ländlich / Hintergrund;Stickstoffdioxid Jahresmittel (NO2, µg/m3);µg/m3;13.46;2007
Tänikon_NABEL;ländlich / Hintergrund;Stickstoffdioxid Jahresmittel (NO2, µg/m3);µg/m3;14.1;2008
Tänikon_NABEL;ländlich / Hintergrund;Stickstoffdioxid Jahresmittel (NO2, µg/m3);µg/m3;14.62;2009
Tänikon_NABEL;ländlich / Hintergrund;Stickstoffdioxid Jahresmittel (NO2, µg/m3);µg/m3;14.18;2010
Tänikon_NABEL;ländlich / Hintergrund;Stickstoffdioxid Jahresmittel (NO2, µg/m3);µg/m3;12.84;2011
Tänikon_NABEL;ländlich / Hintergrund;Stickstoffdioxid Jahresmittel (NO2, µg/m3);µg/m3;12.39;2012
Tänikon_NABEL;ländlich / Hintergrund;Stickstoffdioxid Jahresmittel (NO2, µg/m3);µg/m3;13.75;2013
Tänikon_NABEL;ländlich / Hintergrund;Stickstoffdioxid Jahresmittel (NO2, µg/m3);µg/m3;12.1;2014
Tänikon_NABEL;ländlich / Hintergrund;Stickstoffdioxid Jahresmittel (NO2, µg/m3);µg/m3;12.95;2015
Tänikon_NABEL;ländlich / Hintergrund;Stickstoffdioxid Jahresmittel (NO2, µg/m3);µg/m3;11.91;2016
Tänikon_NABEL;ländlich / Hintergrund;Stickstoffdioxid Jahresmittel (NO2, µg/m3);µg/m3;11.32;2017
Tänikon_NABEL;ländlich / Hintergrund;Stickstoffdioxid Jahresmittel (NO2, µg/m3);µg/m3;12.03;2018
Tänikon_NABEL;ländlich / Hintergrund;Stickstoffdioxid Jahresmittel (NO2, µg/m3);µg/m3;11.13;2019
Tänikon_NABEL;ländlich / Hintergrund;Stickstoffdioxid Jahresmittel (NO2, µg/m3);µg/m3;9.88;2020
Tänikon_NABEL;ländlich / Hintergrund;Stickstoffdioxid Jahresmittel (NO2, µg/m3);µg/m3;9.17;2021
Tänikon_NABEL;ländlich / Hintergrund;Stickstoffdioxid Jahresmittel (NO2, µg/m3);µg/m3;9.55;2022
Wetzikon_Turnhallenstrasse;städtisch / Hintergrund;Stickstoffdioxid Jahresmittel (NO2, µg/m3);µg/m3;19.14;2015
Winterthur_Veltheim/Obertor;städtisch / Hintergrund;Stickstoffdioxid Jahresmittel (NO2, µg/m3);µg/m3;32.62;2000
Winterthur_Veltheim/Obertor;städtisch / Hintergrund;Stickstoffdioxid Jahresmittel (NO2, µg/m3);µg/m3;32.84;2001
Winterthur_Veltheim/Obertor;städtisch / Hintergrund;Stickstoffdioxid Jahresmittel (NO2, µg/m3);µg/m3;29.57;2002
Winterthur_Veltheim/Obertor;städtisch / Hintergrund;Stickstoffdioxid Jahresmittel (NO2, µg/m3);µg/m3;34.05;2003
Winterthur_Veltheim/Obertor;städtisch / Hintergrund;Stickstoffdioxid Jahresmittel (NO2, µg/m3);µg/m3;29.64;2004
Winterthur_Veltheim/Obertor;städtisch / Hintergrund;Stickstoffdioxid Jahresmittel (NO2, µg/m3);µg/m3;30.76;2005
Winterthur_Veltheim/Obertor;städtisch / Hintergrund;Stickstoffdioxid Jahresmittel (NO2, µg/m3);µg/m3;30.4;2006
Winterthur_Veltheim/Obertor;städtisch / Hintergrund;Stickstoffdioxid Jahresmittel (NO2, µg/m3);µg/m3;27.52;2008
Winterthur_Veltheim/Obertor;städtisch / Hintergrund;Stickstoffdioxid Jahresmittel (NO2, µg/m3);µg/m3;28.09;2009
Winterthur_Veltheim/Obertor;städtisch / Hintergrund;Stickstoffdioxid Jahresmittel (NO2, µg/m3);µg/m3;26.17;2010
Winterthur_Veltheim/Obertor;städtisch / Hintergrund;Stickstoffdioxid Jahresmittel (NO2, µg/m3);µg/m3;24.4;2011
Winterthur_Veltheim/Obertor;städtisch / Hintergrund;Stickstoffdioxid Jahresmittel (NO2, µg/m3);µg/m3;24.39;2012
Winterthur_Veltheim/Obertor;städtisch / Hintergrund;Stickstoffdioxid Jahresmittel (NO2, µg/m3);µg/m3;24.61;2013
Winterthur_Veltheim/Obertor;städtisch / Hintergrund;Stickstoffdioxid Jahresmittel (NO2, µg/m3);µg/m3;24.08;2014
Winterthur_Veltheim/Obertor;städtisch / Hintergrund;Stickstoffdioxid Jahresmittel (NO2, µg/m3);µg/m3;18.84;2016
Winterthur_Veltheim/Obertor;städtisch / Hintergrund;Stickstoffdioxid Jahresmittel (NO2, µg/m3);µg/m3;17.93;2017
Winterthur_Veltheim/Obertor;städtisch / Hintergrund;Stickstoffdioxid Jahresmittel (NO2, µg/m3);µg/m3;16.11;2018
Winterthur_Veltheim/Obertor;städtisch / Hintergrund;Stickstoffdioxid Jahresmittel (NO2, µg/m3);µg/m3;15.1;2019
Winterthur_Veltheim/Obertor;städtisch / Hintergrund;Stickstoffdioxid Jahresmittel (NO2, µg/m3);µg/m3;13.81;2020
Winterthur_Veltheim/Obertor;städtisch / Hintergrund;Stickstoffdioxid Jahresmittel (NO2, µg/m3);µg/m3;13.33;2021
Winterthur_Veltheim/Obertor;städtisch / Hintergrund;Stickstoffdioxid Jahresmittel (NO2, µg/m3);µg/m3;12.91;2022
Bachtel/Wald;ländlich / Hintergrund;Stickstoffdioxid Jahresmittel (NO2, µg/m3);µg/m3;8.28;2011
Bachtel/Wald;ländlich / Hintergrund;Stickstoffdioxid Jahresmittel (NO2, µg/m3);µg/m3;7.77;2012
Bachtel/Wald;ländlich / Hintergrund;Stickstoffdioxid Jahresmittel (NO2, µg/m3);µg/m3;8.29;2013
Bachtel/Wald;ländlich / Hintergrund;Stickstoffdioxid Jahresmittel (NO2, µg/m3);µg/m3;7.56;2015
Bachtel/Wald;ländlich / Hintergrund;Stickstoffdioxid Jahresmittel (NO2, µg/m3);µg/m3;6.99;2016
Bachtel/Wald;ländlich / Hintergrund;Stickstoffdioxid Jahresmittel (NO2, µg/m3);µg/m3;7.02;2017
Bachtel/Wald;ländlich / Hintergrund;Stickstoffdioxid Jahresmittel (NO2, µg/m3);µg/m3;6.9;2018
Bachtel/Wald;ländlich / Hintergrund;Stickstoffdioxid Jahresmittel (NO2, µg/m3);µg/m3;6.15;2019
Bachtel/Wald;ländlich / Hintergrund;Stickstoffdioxid Jahresmittel (NO2, µg/m3);µg/m3;5;2020
Bachtel/Wald;ländlich / Hintergrund;Stickstoffdioxid Jahresmittel (NO2, µg/m3);µg/m3;5.31;2021
Bachtel/Wald;ländlich / Hintergrund;Stickstoffdioxid Jahresmittel (NO2, µg/m3);µg/m3;5.08;2022
Zürich_Rosengartenstrasse;städtisch / verkehrsbelastet;Stickstoffdioxid Jahresmittel (NO2, µg/m3);µg/m3;48.33;2014
Zürich_Rosengartenstrasse;städtisch / verkehrsbelastet;Stickstoffdioxid Jahresmittel (NO2, µg/m3);µg/m3;50.03;2015
Zürich_Rosengartenstrasse;städtisch / verkehrsbelastet;Stickstoffdioxid Jahresmittel (NO2, µg/m3);µg/m3;46.76;2016
Zürich_Rosengartenstrasse;städtisch / verkehrsbelastet;Stickstoffdioxid Jahresmittel (NO2, µg/m3);µg/m3;47.13;2017
Zürich_Rosengartenstrasse;städtisch / verkehrsbelastet;Stickstoffdioxid Jahresmittel (NO2, µg/m3);µg/m3;45.17;2018
Zürich_Rosengartenstrasse;städtisch / verkehrsbelastet;Stickstoffdioxid Jahresmittel (NO2, µg/m3);µg/m3;44.45;2019
Zürich_Rosengartenstrasse;städtisch / verkehrsbelastet;Stickstoffdioxid Jahresmittel (NO2, µg/m3);µg/m3;35.85;2020
Zürich_Rosengartenstrasse;städtisch / verkehrsbelastet;Stickstoffdioxid Jahresmittel (NO2, µg/m3);µg/m3;35.31;2021
Zürich_Rosengartenstrasse;städtisch / verkehrsbelastet;Stickstoffdioxid Jahresmittel (NO2, µg/m3);µg/m3;34.71;2022
Zürich_Schimmelstrasse;städtisch / verkehrsbelastet;Stickstoffdioxid Jahresmittel (NO2, µg/m3);µg/m3;55.78;2000
Zürich_Schimmelstrasse;städtisch / verkehrsbelastet;Stickstoffdioxid Jahresmittel (NO2, µg/m3);µg/m3;48.84;2001
Zürich_Schimmelstrasse;städtisch / verkehrsbelastet;Stickstoffdioxid Jahresmittel (NO2, µg/m3);µg/m3;49.69;2002
Zürich_Schimmelstrasse;städtisch / verkehrsbelastet;Stickstoffdioxid Jahresmittel (NO2, µg/m3);µg/m3;52.54;2004
Zürich_Schimmelstrasse;städtisch / verkehrsbelastet;Stickstoffdioxid Jahresmittel (NO2, µg/m3);µg/m3;56.17;2006
Zürich_Schimmelstrasse;städtisch / verkehrsbelastet;Stickstoffdioxid Jahresmittel (NO2, µg/m3);µg/m3;50.85;2008
Zürich_Schimmelstrasse;städtisch / verkehrsbelastet;Stickstoffdioxid Jahresmittel (NO2, µg/m3);µg/m3;44.04;2010
Zürich_Schimmelstrasse;städtisch / verkehrsbelastet;Stickstoffdioxid Jahresmittel (NO2, µg/m3);µg/m3;46.82;2011
Zürich_Schimmelstrasse;städtisch / verkehrsbelastet;Stickstoffdioxid Jahresmittel (NO2, µg/m3);µg/m3;43.38;2012
Zürich_Schimmelstrasse;städtisch / verkehrsbelastet;Stickstoffdioxid Jahresmittel (NO2, µg/m3);µg/m3;43.79;2013
Zürich_Schimmelstrasse;städtisch / verkehrsbelastet;Stickstoffdioxid Jahresmittel (NO2, µg/m3);µg/m3;43.11;2014
Zürich_Schimmelstrasse;städtisch / verkehrsbelastet;Stickstoffdioxid Jahresmittel (NO2, µg/m3);µg/m3;44.59;2015
Zürich_Schimmelstrasse;städtisch / verkehrsbelastet;Stickstoffdioxid Jahresmittel (NO2, µg/m3);µg/m3;41.91;2016
Zürich_Schimmelstrasse;städtisch / verkehrsbelastet;Stickstoffdioxid Jahresmittel (NO2, µg/m3);µg/m3;40.68;2017
Zürich_Schimmelstrasse;städtisch / verkehrsbelastet;Stickstoffdioxid Jahresmittel (NO2, µg/m3);µg/m3;37.86;2018
Zürich_Schimmelstrasse;städtisch / verkehrsbelastet;Stickstoffdioxid Jahresmittel (NO2, µg/m3);µg/m3;35.26;2019
Zürich_Schimmelstrasse;städtisch / verkehrsbelastet;Stickstoffdioxid Jahresmittel (NO2, µg/m3);µg/m3;29.92;2020
Zürich_Schimmelstrasse;städtisch / verkehrsbelastet;Stickstoffdioxid Jahresmittel (NO2, µg/m3);µg/m3;29.11;2021
Zürich_Schimmelstrasse;städtisch / verkehrsbelastet;Stickstoffdioxid Jahresmittel (NO2, µg/m3);µg/m3;29.78;2022
Zürich_Schwamendingen Schulhaus Saatlen;städtisch / Hintergrund;Stickstoffdioxid Jahresmittel (NO2, µg/m3);µg/m3;32.47;2000
Zürich_Schwamendingen Schulhaus Saatlen;städtisch / Hintergrund;Stickstoffdioxid Jahresmittel (NO2, µg/m3);µg/m3;28.75;2001
Zürich_Schwamendingen Schulhaus Saatlen;städtisch / Hintergrund;Stickstoffdioxid Jahresmittel (NO2, µg/m3);µg/m3;28;2002
Zürich_Schwamendingen Schulhaus Saatlen;städtisch / Hintergrund;Stickstoffdioxid Jahresmittel (NO2, µg/m3);µg/m3;32.31;2003
Zürich_Schwamendingen Schulhaus Saatlen;städtisch / Hintergrund;Stickstoffdioxid Jahresmittel (NO2, µg/m3);µg/m3;29.12;2004
Zürich_Schwamendingen Schulhaus Saatlen;städtisch / Hintergrund;Stickstoffdioxid Jahresmittel (NO2, µg/m3);µg/m3;30.09;2005
Zürich_Schwamendingen Schulhaus Saatlen;städtisch / Hintergrund;Stickstoffdioxid Jahresmittel (NO2, µg/m3);µg/m3;31.03;2006
Zürich_Schwamendingen Schulhaus Saatlen;städtisch / Hintergrund;Stickstoffdioxid Jahresmittel (NO2, µg/m3);µg/m3;29.62;2007
Zürich_Schwamendingen Schulhaus Saatlen;städtisch / Hintergrund;Stickstoffdioxid Jahresmittel (NO2, µg/m3);µg/m3;28;2008
Zürich_Schwamendingen Schulhaus Saatlen;städtisch / Hintergrund;Stickstoffdioxid Jahresmittel (NO2, µg/m3);µg/m3;29.03;2009
Zürich_Schwamendingen Schulhaus Saatlen;städtisch / Hintergrund;Stickstoffdioxid Jahresmittel (NO2, µg/m3);µg/m3;29.51;2010
Zürich_Schwamendingen Schulhaus Saatlen;städtisch / Hintergrund;Stickstoffdioxid Jahresmittel (NO2, µg/m3);µg/m3;27.92;2011
Zürich_Schwamendingen Schulhaus Saatlen;städtisch / Hintergrund;Stickstoffdioxid Jahresmittel (NO2, µg/m3);µg/m3;27.06;2012
Zürich_Schwamendingen Schulhaus Saatlen;städtisch / Hintergrund;Stickstoffdioxid Jahresmittel (NO2, µg/m3);µg/m3;26.81;2013
Zürich_Schwamendingen Schulhaus Saatlen;städtisch / Hintergrund;Stickstoffdioxid Jahresmittel (NO2, µg/m3);µg/m3;25.24;2014
Zürich_Schwamendingen Schulhaus Saatlen;städtisch / Hintergrund;Stickstoffdioxid Jahresmittel (NO2, µg/m3);µg/m3;26.14;2015
Zürich_Schwamendingen Schulhaus Saatlen;städtisch / Hintergrund;Stickstoffdioxid Jahresmittel (NO2, µg/m3);µg/m3;24.9;2016
Zürich_Schwamendingen Schulhaus Saatlen;städtisch / Hintergrund;Stickstoffdioxid Jahresmittel (NO2, µg/m3);µg/m3;22.82;2017
Zürich_Schwamendingen Schulhaus Saatlen;städtisch / Hintergrund;Stickstoffdioxid Jahresmittel (NO2, µg/m3);µg/m3;21.96;2018
Zürich_Schwamendingen Schulhaus Saatlen;städtisch / Hintergrund;Stickstoffdioxid Jahresmittel (NO2, µg/m3);µg/m3;20.5;2019
Zürich_Schwamendingen Schulhaus Saatlen;städtisch / Hintergrund;Stickstoffdioxid Jahresmittel (NO2, µg/m3);µg/m3;17.78;2020
Zürich_Schwamendingen Schulhaus Saatlen;städtisch / Hintergrund;Stickstoffdioxid Jahresmittel (NO2, µg/m3);µg/m3;16.76;2021
Zürich_Schwamendingen Schulhaus Saatlen;städtisch / Hintergrund;Stickstoffdioxid Jahresmittel (NO2, µg/m3);µg/m3;16.17;2022
Zürich_Schwamendingen;städtisch / verkehrsbelastet;Stickstoffdioxid Jahresmittel (NO2, µg/m3);µg/m3;51.23;2003
Zürich_Schwamendingen;städtisch / verkehrsbelastet;Stickstoffdioxid Jahresmittel (NO2, µg/m3);µg/m3;49.22;2005
Zürich_Schwamendingen;städtisch / verkehrsbelastet;Stickstoffdioxid Jahresmittel (NO2, µg/m3);µg/m3;49.8;2007
Zürich_Schwamendingen;städtisch / verkehrsbelastet;Stickstoffdioxid Jahresmittel (NO2, µg/m3);µg/m3;49.69;2009
Zürich_Schwamendingen;städtisch / verkehrsbelastet;Stickstoffdioxid Jahresmittel (NO2, µg/m3);µg/m3;51.94;2011
Zürich_Schwamendingen;städtisch / verkehrsbelastet;Stickstoffdioxid Jahresmittel (NO2, µg/m3);µg/m3;53.28;2012
Zürich_Schwamendingen;städtisch / verkehrsbelastet;Stickstoffdioxid Jahresmittel (NO2, µg/m3);µg/m3;53.24;2013
Zürich_Schwamendingen;städtisch / verkehrsbelastet;Stickstoffdioxid Jahresmittel (NO2, µg/m3);µg/m3;46.74;2015
Zürich_Schwamendingen;städtisch / verkehrsbelastet;Stickstoffdioxid Jahresmittel (NO2, µg/m3);µg/m3;45.92;2017
Zürich_Stampfenbachstrasse;städtisch / Hintergrund;Stickstoffdioxid Jahresmittel (NO2, µg/m3);µg/m3;39.34;2000
Zürich_Stampfenbachstrasse;städtisch / Hintergrund;Stickstoffdioxid Jahresmittel (NO2, µg/m3);µg/m3;37.36;2001
Zürich_Stampfenbachstrasse;städtisch / Hintergrund;Stickstoffdioxid Jahresmittel (NO2, µg/m3);µg/m3;36.57;2002
Zürich_Stampfenbachstrasse;städtisch / Hintergrund;Stickstoffdioxid Jahresmittel (NO2, µg/m3);µg/m3;42.75;2003
Zürich_Stampfenbachstrasse;städtisch / Hintergrund;Stickstoffdioxid Jahresmittel (NO2, µg/m3);µg/m3;38.6;2004
Zürich_Stampfenbachstrasse;städtisch / Hintergrund;Stickstoffdioxid Jahresmittel (NO2, µg/m3);µg/m3;37.88;2005
Zürich_Stampfenbachstrasse;städtisch / Hintergrund;Stickstoffdioxid Jahresmittel (NO2, µg/m3);µg/m3;38.8;2006
Zürich_Stampfenbachstrasse;städtisch / Hintergrund;Stickstoffdioxid Jahresmittel (NO2, µg/m3);µg/m3;35.35;2007
Zürich_Stampfenbachstrasse;städtisch / Hintergrund;Stickstoffdioxid Jahresmittel (NO2, µg/m3);µg/m3;35.62;2008
Zürich_Stampfenbachstrasse;städtisch / Hintergrund;Stickstoffdioxid Jahresmittel (NO2, µg/m3);µg/m3;36.94;2009
Zürich_Stampfenbachstrasse;städtisch / Hintergrund;Stickstoffdioxid Jahresmittel (NO2, µg/m3);µg/m3;36.13;2010
Zürich_Stampfenbachstrasse;städtisch / Hintergrund;Stickstoffdioxid Jahresmittel (NO2, µg/m3);µg/m3;35.28;2011
Zürich_Stampfenbachstrasse;städtisch / Hintergrund;Stickstoffdioxid Jahresmittel (NO2, µg/m3);µg/m3;33.94;2012
Zürich_Stampfenbachstrasse;städtisch / Hintergrund;Stickstoffdioxid Jahresmittel (NO2, µg/m3);µg/m3;33.78;2013
Zürich_Stampfenbachstrasse;städtisch / Hintergrund;Stickstoffdioxid Jahresmittel (NO2, µg/m3);µg/m3;33.01;2014
Zürich_Stampfenbachstrasse;städtisch / Hintergrund;Stickstoffdioxid Jahresmittel (NO2, µg/m3);µg/m3;33.5;2015
Zürich_Stampfenbachstrasse;städtisch / Hintergrund;Stickstoffdioxid Jahresmittel (NO2, µg/m3);µg/m3;31.39;2016
Zürich_Stampfenbachstrasse;städtisch / Hintergrund;Stickstoffdioxid Jahresmittel (NO2, µg/m3);µg/m3;30.42;2017
Zürich_Stampfenbachstrasse;städtisch / Hintergrund;Stickstoffdioxid Jahresmittel (NO2, µg/m3);µg/m3;28.47;2018
Zürich_Stampfenbachstrasse;städtisch / Hintergrund;Stickstoffdioxid Jahresmittel (NO2, µg/m3);µg/m3;26.26;2019
Zürich_Stampfenbachstrasse;städtisch / Hintergrund;Stickstoffdioxid Jahresmittel (NO2, µg/m3);µg/m3;22.2;2020
Zürich_Stampfenbachstrasse;städtisch / Hintergrund;Stickstoffdioxid Jahresmittel (NO2, µg/m3);µg/m3;21.98;2021
Zürich_Stampfenbachstrasse;städtisch / Hintergrund;Stickstoffdioxid Jahresmittel (NO2, µg/m3);µg/m3;21.43;2022
Zürich-Kaserne_NABEL;städtisch / Hintergrund;Stickstoffdioxid Jahresmittel (NO2, µg/m3);µg/m3;35.6;2000
Zürich-Kaserne_NABEL;städtisch / Hintergrund;Stickstoffdioxid Jahresmittel (NO2, µg/m3);µg/m3;33.5;2001
Zürich-Kaserne_NABEL;städtisch / Hintergrund;Stickstoffdioxid Jahresmittel (NO2, µg/m3);µg/m3;32.2;2002
Zürich-Kaserne_NABEL;städtisch / Hintergrund;Stickstoffdioxid Jahresmittel (NO2, µg/m3);µg/m3;38.1;2003
Zürich-Kaserne_NABEL;städtisch / Hintergrund;Stickstoffdioxid Jahresmittel (NO2, µg/m3);µg/m3;32.2;2004
Zürich-Kaserne_NABEL;städtisch / Hintergrund;Stickstoffdioxid Jahresmittel (NO2, µg/m3);µg/m3;34.4;2005
Zürich-Kaserne_NABEL;städtisch / Hintergrund;Stickstoffdioxid Jahresmittel (NO2, µg/m3);µg/m3;35.9;2006
Zürich-Kaserne_NABEL;städtisch / Hintergrund;Stickstoffdioxid Jahresmittel (NO2, µg/m3);µg/m3;33.6;2007
Zürich-Kaserne_NABEL;städtisch / Hintergrund;Stickstoffdioxid Jahresmittel (NO2, µg/m3);µg/m3;32.9;2008
Zürich-Kaserne_NABEL;städtisch / Hintergrund;Stickstoffdioxid Jahresmittel (NO2, µg/m3);µg/m3;33;2009
Zürich-Kaserne_NABEL;städtisch / Hintergrund;Stickstoffdioxid Jahresmittel (NO2, µg/m3);µg/m3;32.8;2010
Zürich-Kaserne_NABEL;städtisch / Hintergrund;Stickstoffdioxid Jahresmittel (NO2, µg/m3);µg/m3;32.1;2011
Zürich-Kaserne_NABEL;städtisch / Hintergrund;Stickstoffdioxid Jahresmittel (NO2, µg/m3);µg/m3;31;2012
Zürich-Kaserne_NABEL;städtisch / Hintergrund;Stickstoffdioxid Jahresmittel (NO2, µg/m3);µg/m3;30.9;2013
Zürich-Kaserne_NABEL;städtisch / Hintergrund;Stickstoffdioxid Jahresmittel (NO2, µg/m3);µg/m3;29.5;2014
Zürich-Kaserne_NABEL;städtisch / Hintergrund;Stickstoffdioxid Jahresmittel (NO2, µg/m3);µg/m3;31;2015
Zürich-Kaserne_NABEL;städtisch / Hintergrund;Stickstoffdioxid Jahresmittel (NO2, µg/m3);µg/m3;28.3;2016
Zürich-Kaserne_NABEL;städtisch / Hintergrund;Stickstoffdioxid Jahresmittel (NO2, µg/m3);µg/m3;27.4;2017
Zürich-Kaserne_NABEL;städtisch / Hintergrund;Stickstoffdioxid Jahresmittel (NO2, µg/m3);µg/m3;25.3;2018
Zürich-Kaserne_NABEL;städtisch / Hintergrund;Stickstoffdioxid Jahresmittel (NO2, µg/m3);µg/m3;24;2019
Zürich-Kaserne_NABEL;städtisch / Hintergrund;Stickstoffdioxid Jahresmittel (NO2, µg/m3);µg/m3;20.3;2020
Zürich-Kaserne_NABEL;städtisch / Hintergrund;Stickstoffdioxid Jahresmittel (NO2, µg/m3);µg/m3;20.73;2022
Bern-Bollwerk_NABEL;städtisch / verkehrsbelastet;Feinstaub PM2.5 Jahresmittel (PM2.5, µg/m3);µg/m3;19;2000
Bern-Bollwerk_NABEL;städtisch / verkehrsbelastet;Feinstaub PM2.5 Jahresmittel (PM2.5, µg/m3);µg/m3;20.7;2001
Bern-Bollwerk_NABEL;städtisch / verkehrsbelastet;Feinstaub PM2.5 Jahresmittel (PM2.5, µg/m3);µg/m3;23.7;2002
Bern-Bollwerk_NABEL;städtisch / verkehrsbelastet;Feinstaub PM2.5 Jahresmittel (PM2.5, µg/m3);µg/m3;24.8;2003
Bern-Bollwerk_NABEL;städtisch / verkehrsbelastet;Feinstaub PM2.5 Jahresmittel (PM2.5, µg/m3);µg/m3;20.7;2004
Bern-Bollwerk_NABEL;städtisch / verkehrsbelastet;Feinstaub PM2.5 Jahresmittel (PM2.5, µg/m3);µg/m3;20.9;2005
Bern-Bollwerk_NABEL;städtisch / verkehrsbelastet;Feinstaub PM2.5 Jahresmittel (PM2.5, µg/m3);µg/m3;21.8;2006
Bern-Bollwerk_NABEL;städtisch / verkehrsbelastet;Feinstaub PM2.5 Jahresmittel (PM2.5, µg/m3);µg/m3;17.9;2007
Bern-Bollwerk_NABEL;städtisch / verkehrsbelastet;Feinstaub PM2.5 Jahresmittel (PM2.5, µg/m3);µg/m3;17.3;2008
Bern-Bollwerk_NABEL;städtisch / verkehrsbelastet;Feinstaub PM2.5 Jahresmittel (PM2.5, µg/m3);µg/m3;18.6;2009
Bern-Bollwerk_NABEL;städtisch / verkehrsbelastet;Feinstaub PM2.5 Jahresmittel (PM2.5, µg/m3);µg/m3;18.2;2010
Bern-Bollwerk_NABEL;städtisch / verkehrsbelastet;Feinstaub PM2.5 Jahresmittel (PM2.5, µg/m3);µg/m3;20.3;2011
Bern-Bollwerk_NABEL;städtisch / verkehrsbelastet;Feinstaub PM2.5 Jahresmittel (PM2.5, µg/m3);µg/m3;16.4;2012
Bern-Bollwerk_NABEL;städtisch / verkehrsbelastet;Feinstaub PM2.5 Jahresmittel (PM2.5, µg/m3);µg/m3;18.4;2013
Bern-Bollwerk_NABEL;städtisch / verkehrsbelastet;Feinstaub PM2.5 Jahresmittel (PM2.5, µg/m3);µg/m3;11.2;2014
Bern-Bollwerk_NABEL;städtisch / verkehrsbelastet;Feinstaub PM2.5 Jahresmittel (PM2.5, µg/m3);µg/m3;13.4;2015
Bern-Bollwerk_NABEL;städtisch / verkehrsbelastet;Feinstaub PM2.5 Jahresmittel (PM2.5, µg/m3);µg/m3;12.5;2016
Bern-Bollwerk_NABEL;städtisch / verkehrsbelastet;Feinstaub PM2.5 Jahresmittel (PM2.5, µg/m3);µg/m3;13.6;2017
Bern-Bollwerk_NABEL;städtisch / verkehrsbelastet;Feinstaub PM2.5 Jahresmittel (PM2.5, µg/m3);µg/m3;14.2;2018
Bern-Bollwerk_NABEL;städtisch / verkehrsbelastet;Feinstaub PM2.5 Jahresmittel (PM2.5, µg/m3);µg/m3;11.3;2019
Bern-Bollwerk_NABEL;städtisch / verkehrsbelastet;Feinstaub PM2.5 Jahresmittel (PM2.5, µg/m3);µg/m3;9.88;2020
Bern-Bollwerk_NABEL;städtisch / verkehrsbelastet;Feinstaub PM2.5 Jahresmittel (PM2.5, µg/m3);µg/m3;9.91;2021
Bern-Bollwerk_NABEL;städtisch / verkehrsbelastet;Feinstaub PM2.5 Jahresmittel (PM2.5, µg/m3);µg/m3;10.24;2022
Kloten_Feld;städtisch / Hintergrund;Feinstaub PM2.5 Jahresmittel (PM2.5, µg/m3);µg/m3;9.19;2021
Kloten_Feld;städtisch / Hintergrund;Feinstaub PM2.5 Jahresmittel (PM2.5, µg/m3);µg/m3;8.73;2022
Opfikon_Balsberg;städtisch / verkehrsbelastet;Feinstaub PM2.5 Jahresmittel (PM2.5, µg/m3);µg/m3;10.69;2018
Opfikon_Balsberg;städtisch / verkehrsbelastet;Feinstaub PM2.5 Jahresmittel (PM2.5, µg/m3);µg/m3;9.55;2019
Opfikon_Balsberg;städtisch / verkehrsbelastet;Feinstaub PM2.5 Jahresmittel (PM2.5, µg/m3);µg/m3;9.19;2020
Opfikon_Balsberg;städtisch / verkehrsbelastet;Feinstaub PM2.5 Jahresmittel (PM2.5, µg/m3);µg/m3;8.76;2021
Opfikon_Balsberg;städtisch / verkehrsbelastet;Feinstaub PM2.5 Jahresmittel (PM2.5, µg/m3);µg/m3;8.8;2022
Opfikon_Glattpark;städtisch / Hintergrund;Feinstaub PM2.5 Jahresmittel (PM2.5, µg/m3);µg/m3;9.83;2019
Opfikon_Glattpark;städtisch / Hintergrund;Feinstaub PM2.5 Jahresmittel (PM2.5, µg/m3);µg/m3;9.35;2022
Payerne_NABEL;ländlich / Hintergrund;Feinstaub PM2.5 Jahresmittel (PM2.5, µg/m3);µg/m3;14.7;2000
Payerne_NABEL;ländlich / Hintergrund;Feinstaub PM2.5 Jahresmittel (PM2.5, µg/m3);µg/m3;14.8;2001
Payerne_NABEL;ländlich / Hintergrund;Feinstaub PM2.5 Jahresmittel (PM2.5, µg/m3);µg/m3;15.9;2002
Payerne_NABEL;ländlich / Hintergrund;Feinstaub PM2.5 Jahresmittel (PM2.5, µg/m3);µg/m3;19.8;2003
Payerne_NABEL;ländlich / Hintergrund;Feinstaub PM2.5 Jahresmittel (PM2.5, µg/m3);µg/m3;14.9;2004
Payerne_NABEL;ländlich / Hintergrund;Feinstaub PM2.5 Jahresmittel (PM2.5, µg/m3);µg/m3;15.1;2005
Payerne_NABEL;ländlich / Hintergrund;Feinstaub PM2.5 Jahresmittel (PM2.5, µg/m3);µg/m3;17.1;2006
Payerne_NABEL;ländlich / Hintergrund;Feinstaub PM2.5 Jahresmittel (PM2.5, µg/m3);µg/m3;12.4;2007
Payerne_NABEL;ländlich / Hintergrund;Feinstaub PM2.5 Jahresmittel (PM2.5, µg/m3);µg/m3;11.9;2008
Payerne_NABEL;ländlich / Hintergrund;Feinstaub PM2.5 Jahresmittel (PM2.5, µg/m3);µg/m3;12.1;2009
Payerne_NABEL;ländlich / Hintergrund;Feinstaub PM2.5 Jahresmittel (PM2.5, µg/m3);µg/m3;11.5;2010
Payerne_NABEL;ländlich / Hintergrund;Feinstaub PM2.5 Jahresmittel (PM2.5, µg/m3);µg/m3;12.2;2011
Payerne_NABEL;ländlich / Hintergrund;Feinstaub PM2.5 Jahresmittel (PM2.5, µg/m3);µg/m3;10.5;2012
Payerne_NABEL;ländlich / Hintergrund;Feinstaub PM2.5 Jahresmittel (PM2.5, µg/m3);µg/m3;12.9;2013
Payerne_NABEL;ländlich / Hintergrund;Feinstaub PM2.5 Jahresmittel (PM2.5, µg/m3);µg/m3;7.9;2014
Payerne_NABEL;ländlich / Hintergrund;Feinstaub PM2.5 Jahresmittel (PM2.5, µg/m3);µg/m3;9.8;2015
Payerne_NABEL;ländlich / Hintergrund;Feinstaub PM2.5 Jahresmittel (PM2.5, µg/m3);µg/m3;8.1;2016
Payerne_NABEL;ländlich / Hintergrund;Feinstaub PM2.5 Jahresmittel (PM2.5, µg/m3);µg/m3;8.4;2017
Payerne_NABEL;ländlich / Hintergrund;Feinstaub PM2.5 Jahresmittel (PM2.5, µg/m3);µg/m3;9.4;2018
Payerne_NABEL;ländlich / Hintergrund;Feinstaub PM2.5 Jahresmittel (PM2.5, µg/m3);µg/m3;7.8;2019
Payerne_NABEL;ländlich / Hintergrund;Feinstaub PM2.5 Jahresmittel (PM2.5, µg/m3);µg/m3;6.81;2020
Payerne_NABEL;ländlich / Hintergrund;Feinstaub PM2.5 Jahresmittel (PM2.5, µg/m3);µg/m3;7.66;2021
Payerne_NABEL;ländlich / Hintergrund;Feinstaub PM2.5 Jahresmittel (PM2.5, µg/m3);µg/m3;8.46;2022
St.Gallen_Stuelegg;ländlich / Hintergrund;Feinstaub PM2.5 Jahresmittel (PM2.5, µg/m3);µg/m3;6.1;2020
St.Gallen_Stuelegg;ländlich / Hintergrund;Feinstaub PM2.5 Jahresmittel (PM2.5, µg/m3);µg/m3;6.26;2021
St.Gallen_Stuelegg;ländlich / Hintergrund;Feinstaub PM2.5 Jahresmittel (PM2.5, µg/m3);µg/m3;6.73;2022
Tänikon_NABEL;ländlich / Hintergrund;Feinstaub PM2.5 Jahresmittel (PM2.5, µg/m3);µg/m3;7.82;2019
Tänikon_NABEL;ländlich / Hintergrund;Feinstaub PM2.5 Jahresmittel (PM2.5, µg/m3);µg/m3;7.08;2020
Tänikon_NABEL;ländlich / Hintergrund;Feinstaub PM2.5 Jahresmittel (PM2.5, µg/m3);µg/m3;7.57;2021
Tänikon_NABEL;ländlich / Hintergrund;Feinstaub PM2.5 Jahresmittel (PM2.5, µg/m3);µg/m3;7.97;2022
Winterthur_Veltheim/Obertor;städtisch / Hintergrund;Feinstaub PM2.5 Jahresmittel (PM2.5, µg/m3);µg/m3;9.57;2021
Winterthur_Veltheim/Obertor;städtisch / Hintergrund;Feinstaub PM2.5 Jahresmittel (PM2.5, µg/m3);µg/m3;9.29;2022
Zürich_Rosengartenstrasse;städtisch / verkehrsbelastet;Feinstaub PM2.5 Jahresmittel (PM2.5, µg/m3);µg/m3;10.97;2019
Zürich_Rosengartenstrasse;städtisch / verkehrsbelastet;Feinstaub PM2.5 Jahresmittel (PM2.5, µg/m3);µg/m3;11.68;2020
Zürich_Rosengartenstrasse;städtisch / verkehrsbelastet;Feinstaub PM2.5 Jahresmittel (PM2.5, µg/m3);µg/m3;11.76;2021
Zürich_Rosengartenstrasse;städtisch / verkehrsbelastet;Feinstaub PM2.5 Jahresmittel (PM2.5, µg/m3);µg/m3;9.8;2022
Zürich_Schimmelstrasse;städtisch / verkehrsbelastet;Feinstaub PM2.5 Jahresmittel (PM2.5, µg/m3);µg/m3;11.35;2017
Zürich_Schimmelstrasse;städtisch / verkehrsbelastet;Feinstaub PM2.5 Jahresmittel (PM2.5, µg/m3);µg/m3;12.88;2018
Zürich_Schimmelstrasse;städtisch / verkehrsbelastet;Feinstaub PM2.5 Jahresmittel (PM2.5, µg/m3);µg/m3;10.58;2019
Zürich_Schimmelstrasse;städtisch / verkehrsbelastet;Feinstaub PM2.5 Jahresmittel (PM2.5, µg/m3);µg/m3;9.89;2021
Zürich_Schimmelstrasse;städtisch / verkehrsbelastet;Feinstaub PM2.5 Jahresmittel (PM2.5, µg/m3);µg/m3;10.44;2022
Zürich_Stampfenbachstrasse;städtisch / Hintergrund;Feinstaub PM2.5 Jahresmittel (PM2.5, µg/m3);µg/m3;10.44;2017
Zürich_Stampfenbachstrasse;städtisch / Hintergrund;Feinstaub PM2.5 Jahresmittel (PM2.5, µg/m3);µg/m3;11.94;2018
Zürich_Stampfenbachstrasse;städtisch / Hintergrund;Feinstaub PM2.5 Jahresmittel (PM2.5, µg/m3);µg/m3;10.2;2019
Zürich_Stampfenbachstrasse;städtisch / Hintergrund;Feinstaub PM2.5 Jahresmittel (PM2.5, µg/m3);µg/m3;9.65;2020
Zürich_Stampfenbachstrasse;städtisch / Hintergrund;Feinstaub PM2.5 Jahresmittel (PM2.5, µg/m3);µg/m3;9.83;2021
Zürich-Kaserne_NABEL;städtisch / Hintergrund;Feinstaub PM2.5 Jahresmittel (PM2.5, µg/m3);µg/m3;16.9;2000
Zürich-Kaserne_NABEL;städtisch / Hintergrund;Feinstaub PM2.5 Jahresmittel (PM2.5, µg/m3);µg/m3;17.8;2001
Zürich-Kaserne_NABEL;städtisch / Hintergrund;Feinstaub PM2.5 Jahresmittel (PM2.5, µg/m3);µg/m3;18.7;2002
Zürich-Kaserne_NABEL;städtisch / Hintergrund;Feinstaub PM2.5 Jahresmittel (PM2.5, µg/m3);µg/m3;14.7;2008
Zürich-Kaserne_NABEL;städtisch / Hintergrund;Feinstaub PM2.5 Jahresmittel (PM2.5, µg/m3);µg/m3;14.9;2009
Zürich-Kaserne_NABEL;städtisch / Hintergrund;Feinstaub PM2.5 Jahresmittel (PM2.5, µg/m3);µg/m3;14.7;2010
Zürich-Kaserne_NABEL;städtisch / Hintergrund;Feinstaub PM2.5 Jahresmittel (PM2.5, µg/m3);µg/m3;15;2011
Zürich-Kaserne_NABEL;städtisch / Hintergrund;Feinstaub PM2.5 Jahresmittel (PM2.5, µg/m3);µg/m3;13.6;2012
Zürich-Kaserne_NABEL;städtisch / Hintergrund;Feinstaub PM2.5 Jahresmittel (PM2.5, µg/m3);µg/m3;14.6;2013
Zürich-Kaserne_NABEL;städtisch / Hintergrund;Feinstaub PM2.5 Jahresmittel (PM2.5, µg/m3);µg/m3;9.7;2014
Zürich-Kaserne_NABEL;städtisch / Hintergrund;Feinstaub PM2.5 Jahresmittel (PM2.5, µg/m3);µg/m3;11.8;2015
Zürich-Kaserne_NABEL;städtisch / Hintergrund;Feinstaub PM2.5 Jahresmittel (PM2.5, µg/m3);µg/m3;10.29;2016
Zürich-Kaserne_NABEL;städtisch / Hintergrund;Feinstaub PM2.5 Jahresmittel (PM2.5, µg/m3);µg/m3;10.41;2017
Zürich-Kaserne_NABEL;städtisch / Hintergrund;Feinstaub PM2.5 Jahresmittel (PM2.5, µg/m3);µg/m3;11.36;2018
Zürich-Kaserne_NABEL;städtisch / Hintergrund;Feinstaub PM2.5 Jahresmittel (PM2.5, µg/m3);µg/m3;9.51;2019
Zürich-Kaserne_NABEL;städtisch / Hintergrund;Feinstaub PM2.5 Jahresmittel (PM2.5, µg/m3);µg/m3;8.3;2020
Zürich-Kaserne_NABEL;städtisch / Hintergrund;Feinstaub PM2.5 Jahresmittel (PM2.5, µg/m3);µg/m3;8.96;2021
Zürich-Kaserne_NABEL;städtisch / Hintergrund;Feinstaub PM2.5 Jahresmittel (PM2.5, µg/m3);µg/m3;9.51;2022
Kloten_Feld;städtisch / Hintergrund;Russ Jahresmittel* (eBC, µg/m3);µg/m3;0.36;2021
Kloten_Feld;städtisch / Hintergrund;Russ Jahresmittel* (eBC, µg/m3);µg/m3;0.3;2022
Opfikon_Balsberg;städtisch / verkehrsbelastet;Russ Jahresmittel* (eBC, µg/m3);µg/m3;2.39;2008
Opfikon_Balsberg;städtisch / verkehrsbelastet;Russ Jahresmittel* (eBC, µg/m3);µg/m3;2.08;2009
Opfikon_Balsberg;städtisch / verkehrsbelastet;Russ Jahresmittel* (eBC, µg/m3);µg/m3;1.64;2010
Opfikon_Balsberg;städtisch / verkehrsbelastet;Russ Jahresmittel* (eBC, µg/m3);µg/m3;1.81;2011
Opfikon_Balsberg;städtisch / verkehrsbelastet;Russ Jahresmittel* (eBC, µg/m3);µg/m3;1.46;2012
Opfikon_Balsberg;städtisch / verkehrsbelastet;Russ Jahresmittel* (eBC, µg/m3);µg/m3;1.07;2013
Opfikon_Balsberg;städtisch / verkehrsbelastet;Russ Jahresmittel* (eBC, µg/m3);µg/m3;1.24;2014
Opfikon_Balsberg;städtisch / verkehrsbelastet;Russ Jahresmittel* (eBC, µg/m3);µg/m3;0.95;2015
Opfikon_Balsberg;städtisch / verkehrsbelastet;Russ Jahresmittel* (eBC, µg/m3);µg/m3;1.2;2016
Opfikon_Balsberg;städtisch / verkehrsbelastet;Russ Jahresmittel* (eBC, µg/m3);µg/m3;1.01;2017
Opfikon_Balsberg;städtisch / verkehrsbelastet;Russ Jahresmittel* (eBC, µg/m3);µg/m3;0.69;2018
Opfikon_Balsberg;städtisch / verkehrsbelastet;Russ Jahresmittel* (eBC, µg/m3);µg/m3;0.71;2019
Opfikon_Balsberg;städtisch / verkehrsbelastet;Russ Jahresmittel* (eBC, µg/m3);µg/m3;0.64;2020
Opfikon_Balsberg;städtisch / verkehrsbelastet;Russ Jahresmittel* (eBC, µg/m3);µg/m3;0.56;2021
Opfikon_Balsberg;städtisch / verkehrsbelastet;Russ Jahresmittel* (eBC, µg/m3);µg/m3;0.56;2022
Opfikon_Glattpark;städtisch / Hintergrund;Russ Jahresmittel* (eBC, µg/m3);µg/m3;0.58;2019
Opfikon_Glattpark;städtisch / Hintergrund;Russ Jahresmittel* (eBC, µg/m3);µg/m3;0.46;2022
Payerne_NABEL;ländlich / Hintergrund;Russ Jahresmittel* (eBC, µg/m3);µg/m3;0.61;2009
Payerne_NABEL;ländlich / Hintergrund;Russ Jahresmittel* (eBC, µg/m3);µg/m3;0.68;2010
Payerne_NABEL;ländlich / Hintergrund;Russ Jahresmittel* (eBC, µg/m3);µg/m3;0.67;2011
Payerne_NABEL;ländlich / Hintergrund;Russ Jahresmittel* (eBC, µg/m3);µg/m3;0.5;2012
Payerne_NABEL;ländlich / Hintergrund;Russ Jahresmittel* (eBC, µg/m3);µg/m3;0.42;2013
Payerne_NABEL;ländlich / Hintergrund;Russ Jahresmittel* (eBC, µg/m3);µg/m3;0.41;2014
Payerne_NABEL;ländlich / Hintergrund;Russ Jahresmittel* (eBC, µg/m3);µg/m3;0.4;2015
Payerne_NABEL;ländlich / Hintergrund;Russ Jahresmittel* (eBC, µg/m3);µg/m3;0.38;2016
Payerne_NABEL;ländlich / Hintergrund;Russ Jahresmittel* (eBC, µg/m3);µg/m3;0.37;2017
Payerne_NABEL;ländlich / Hintergrund;Russ Jahresmittel* (eBC, µg/m3);µg/m3;0.32;2018
Payerne_NABEL;ländlich / Hintergrund;Russ Jahresmittel* (eBC, µg/m3);µg/m3;0.29;2019
Payerne_NABEL;ländlich / Hintergrund;Russ Jahresmittel* (eBC, µg/m3);µg/m3;0.34;2020
Payerne_NABEL;ländlich / Hintergrund;Russ Jahresmittel* (eBC, µg/m3);µg/m3;0.3;2021
Payerne_NABEL;ländlich / Hintergrund;Russ Jahresmittel* (eBC, µg/m3);µg/m3;0.32;2022
St.Gallen_Stuelegg;ländlich / Hintergrund;Russ Jahresmittel* (eBC, µg/m3);µg/m3;0.23;2014
St.Gallen_Stuelegg;ländlich / Hintergrund;Russ Jahresmittel* (eBC, µg/m3);µg/m3;0.24;2015
St.Gallen_Stuelegg;ländlich / Hintergrund;Russ Jahresmittel* (eBC, µg/m3);µg/m3;0.33;2016
St.Gallen_Stuelegg;ländlich / Hintergrund;Russ Jahresmittel* (eBC, µg/m3);µg/m3;0.27;2017
St.Gallen_Stuelegg;ländlich / Hintergrund;Russ Jahresmittel* (eBC, µg/m3);µg/m3;0.33;2018
St.Gallen_Stuelegg;ländlich / Hintergrund;Russ Jahresmittel* (eBC, µg/m3);µg/m3;0.2;2019
St.Gallen_Stuelegg;ländlich / Hintergrund;Russ Jahresmittel* (eBC, µg/m3);µg/m3;0.17;2020
St.Gallen_Stuelegg;ländlich / Hintergrund;Russ Jahresmittel* (eBC, µg/m3);µg/m3;0.17;2021
St.Gallen_Stuelegg;ländlich / Hintergrund;Russ Jahresmittel* (eBC, µg/m3);µg/m3;0.19;2022
Wettswil_Filderen;ländlich / Hintergrund;Russ Jahresmittel* (eBC, µg/m3);µg/m3;1.06;2009
Wettswil_Filderen;ländlich / Hintergrund;Russ Jahresmittel* (eBC, µg/m3);µg/m3;0.86;2010
Wetzikon_Turnhallenstrasse;städtisch / Hintergrund;Russ Jahresmittel* (eBC, µg/m3);µg/m3;0.46;2015
Winterthur_Veltheim/Obertor;städtisch / Hintergrund;Russ Jahresmittel* (eBC, µg/m3);µg/m3;1.5;2007
Winterthur_Veltheim/Obertor;städtisch / Hintergrund;Russ Jahresmittel* (eBC, µg/m3);µg/m3;1.31;2008
Winterthur_Veltheim/Obertor;städtisch / Hintergrund;Russ Jahresmittel* (eBC, µg/m3);µg/m3;1.27;2009
Winterthur_Veltheim/Obertor;städtisch / Hintergrund;Russ Jahresmittel* (eBC, µg/m3);µg/m3;1.06;2010
Winterthur_Veltheim/Obertor;städtisch / Hintergrund;Russ Jahresmittel* (eBC, µg/m3);µg/m3;0.97;2011
Winterthur_Veltheim/Obertor;städtisch / Hintergrund;Russ Jahresmittel* (eBC, µg/m3);µg/m3;0.75;2012
Winterthur_Veltheim/Obertor;städtisch / Hintergrund;Russ Jahresmittel* (eBC, µg/m3);µg/m3;0.61;2013
Winterthur_Veltheim/Obertor;städtisch / Hintergrund;Russ Jahresmittel* (eBC, µg/m3);µg/m3;0.76;2014
Winterthur_St. Gallerstrasse;städtisch / verkehrsbelastet;Russ Jahresmittel* (eBC, µg/m3);µg/m3;0.82;2017
Winterthur_Veltheim/Obertor;städtisch / Hintergrund;Russ Jahresmittel* (eBC, µg/m3);µg/m3;0.64;2016
Winterthur_Veltheim/Obertor;städtisch / Hintergrund;Russ Jahresmittel* (eBC, µg/m3);µg/m3;0.44;2017
Winterthur_Veltheim/Obertor;städtisch / Hintergrund;Russ Jahresmittel* (eBC, µg/m3);µg/m3;0.42;2018
Winterthur_Veltheim/Obertor;städtisch / Hintergrund;Russ Jahresmittel* (eBC, µg/m3);µg/m3;0.41;2019
Winterthur_Veltheim/Obertor;städtisch / Hintergrund;Russ Jahresmittel* (eBC, µg/m3);µg/m3;0.4;2020
Winterthur_Veltheim/Obertor;städtisch / Hintergrund;Russ Jahresmittel* (eBC, µg/m3);µg/m3;0.33;2021
Winterthur_Veltheim/Obertor;städtisch / Hintergrund;Russ Jahresmittel* (eBC, µg/m3);µg/m3;0.36;2022
Bachtel/Wald;ländlich / Hintergrund;Russ Jahresmittel* (eBC, µg/m3);µg/m3;0.37;2011
Bachtel/Wald;ländlich / Hintergrund;Russ Jahresmittel* (eBC, µg/m3);µg/m3;0.3;2012
Bachtel/Wald;ländlich / Hintergrund;Russ Jahresmittel* (eBC, µg/m3);µg/m3;0.32;2013
Bachtel/Wald;ländlich / Hintergrund;Russ Jahresmittel* (eBC, µg/m3);µg/m3;0.24;2015
Bachtel/Wald;ländlich / Hintergrund;Russ Jahresmittel* (eBC, µg/m3);µg/m3;0.32;2017
Bachtel/Wald;ländlich / Hintergrund;Russ Jahresmittel* (eBC, µg/m3);µg/m3;0.29;2018
Bachtel/Wald;ländlich / Hintergrund;Russ Jahresmittel* (eBC, µg/m3);µg/m3;0.19;2019
Bachtel/Wald;ländlich / Hintergrund;Russ Jahresmittel* (eBC, µg/m3);µg/m3;0.15;2020
Bachtel/Wald;ländlich / Hintergrund;Russ Jahresmittel* (eBC, µg/m3);µg/m3;0.15;2021
Zürich_Heubeeribüel;städtisch / Hintergrund;Russ Jahresmittel* (eBC, µg/m3);µg/m3;0.52;2014
Zürich_Heubeeribüel;städtisch / Hintergrund;Russ Jahresmittel* (eBC, µg/m3);µg/m3;0.49;2015
Zürich_Heubeeribüel;städtisch / Hintergrund;Russ Jahresmittel* (eBC, µg/m3);µg/m3;0.46;2016
Zürich_Heubeeribüel;städtisch / Hintergrund;Russ Jahresmittel* (eBC, µg/m3);µg/m3;0.43;2017
Zürich_Heubeeribüel;städtisch / Hintergrund;Russ Jahresmittel* (eBC, µg/m3);µg/m3;0.38;2018
Zürich_Heubeeribüel;städtisch / Hintergrund;Russ Jahresmittel* (eBC, µg/m3);µg/m3;0.36;2019
Zürich_Heubeeribüel;städtisch / Hintergrund;Russ Jahresmittel* (eBC, µg/m3);µg/m3;0.31;2020
Zürich_Heubeeribüel;städtisch / Hintergrund;Russ Jahresmittel* (eBC, µg/m3);µg/m3;0.3;2021
Zürich_Heubeeribüel;städtisch / Hintergrund;Russ Jahresmittel* (eBC, µg/m3);µg/m3;0.29;2022
Zürich_Rosengartenstrasse;städtisch / verkehrsbelastet;Russ Jahresmittel* (eBC, µg/m3);µg/m3;2.74;2013
Zürich_Rosengartenstrasse;städtisch / verkehrsbelastet;Russ Jahresmittel* (eBC, µg/m3);µg/m3;2.11;2014
Zürich_Rosengartenstrasse;städtisch / verkehrsbelastet;Russ Jahresmittel* (eBC, µg/m3);µg/m3;1.82;2015
Zürich_Rosengartenstrasse;städtisch / verkehrsbelastet;Russ Jahresmittel* (eBC, µg/m3);µg/m3;1.69;2016
Zürich_Rosengartenstrasse;städtisch / verkehrsbelastet;Russ Jahresmittel* (eBC, µg/m3);µg/m3;1.46;2017
Zürich_Rosengartenstrasse;städtisch / verkehrsbelastet;Russ Jahresmittel* (eBC, µg/m3);µg/m3;1.35;2018
Zürich_Rosengartenstrasse;städtisch / verkehrsbelastet;Russ Jahresmittel* (eBC, µg/m3);µg/m3;1.31;2019
Zürich_Rosengartenstrasse;städtisch / verkehrsbelastet;Russ Jahresmittel* (eBC, µg/m3);µg/m3;1;2020
Zürich_Rosengartenstrasse;städtisch / verkehrsbelastet;Russ Jahresmittel* (eBC, µg/m3);µg/m3;0.94;2021
Zürich_Rosengartenstrasse;städtisch / verkehrsbelastet;Russ Jahresmittel* (eBC, µg/m3);µg/m3;0.84;2022
Zürich_Schimmelstrasse;städtisch / verkehrsbelastet;Russ Jahresmittel* (eBC, µg/m3);µg/m3;3.16;2004
Zürich_Schimmelstrasse;städtisch / verkehrsbelastet;Russ Jahresmittel* (eBC, µg/m3);µg/m3;3.84;2006
Zürich_Schimmelstrasse;städtisch / verkehrsbelastet;Russ Jahresmittel* (eBC, µg/m3);µg/m3;3.19;2008
Zürich_Schimmelstrasse;städtisch / verkehrsbelastet;Russ Jahresmittel* (eBC, µg/m3);µg/m3;1.84;2010
Zürich_Schimmelstrasse;städtisch / verkehrsbelastet;Russ Jahresmittel* (eBC, µg/m3);µg/m3;2.09;2011
Zürich_Schimmelstrasse;städtisch / verkehrsbelastet;Russ Jahresmittel* (eBC, µg/m3);µg/m3;1.81;2012
Zürich_Schimmelstrasse;städtisch / verkehrsbelastet;Russ Jahresmittel* (eBC, µg/m3);µg/m3;1.67;2013
Zürich_Schimmelstrasse;städtisch / verkehrsbelastet;Russ Jahresmittel* (eBC, µg/m3);µg/m3;1.48;2014
Zürich_Schimmelstrasse;städtisch / verkehrsbelastet;Russ Jahresmittel* (eBC, µg/m3);µg/m3;1.24;2015
Zürich_Schimmelstrasse;städtisch / verkehrsbelastet;Russ Jahresmittel* (eBC, µg/m3);µg/m3;1.12;2016
Zürich_Schimmelstrasse;städtisch / verkehrsbelastet;Russ Jahresmittel* (eBC, µg/m3);µg/m3;0.96;2017
Zürich_Schimmelstrasse;städtisch / verkehrsbelastet;Russ Jahresmittel* (eBC, µg/m3);µg/m3;0.89;2018
Zürich_Schimmelstrasse;städtisch / verkehrsbelastet;Russ Jahresmittel* (eBC, µg/m3);µg/m3;0.85;2019
Zürich_Schimmelstrasse;städtisch / verkehrsbelastet;Russ Jahresmittel* (eBC, µg/m3);µg/m3;0.63;2020
Zürich_Schimmelstrasse;städtisch / verkehrsbelastet;Russ Jahresmittel* (eBC, µg/m3);µg/m3;0.59;2021
Zürich_Schimmelstrasse;städtisch / verkehrsbelastet;Russ Jahresmittel* (eBC, µg/m3);µg/m3;0.64;2022
Zürich_Schwamendingen;städtisch / verkehrsbelastet;Russ Jahresmittel* (eBC, µg/m3);µg/m3;2.94;2003
Zürich_Schwamendingen;städtisch / verkehrsbelastet;Russ Jahresmittel* (eBC, µg/m3);µg/m3;3.19;2005
Zürich_Schwamendingen;städtisch / verkehrsbelastet;Russ Jahresmittel* (eBC, µg/m3);µg/m3;2.84;2007
Zürich_Schwamendingen;städtisch / verkehrsbelastet;Russ Jahresmittel* (eBC, µg/m3);µg/m3;2.65;2009
Zürich_Schwamendingen;städtisch / verkehrsbelastet;Russ Jahresmittel* (eBC, µg/m3);µg/m3;1.42;2015
Zürich_Stampfenbachstrasse;städtisch / Hintergrund;Russ Jahresmittel* (eBC, µg/m3);µg/m3;2.12;2003
Zürich_Stampfenbachstrasse;städtisch / Hintergrund;Russ Jahresmittel* (eBC, µg/m3);µg/m3;1.77;2004
Zürich_Stampfenbachstrasse;städtisch / Hintergrund;Russ Jahresmittel* (eBC, µg/m3);µg/m3;2.07;2005
Zürich_Stampfenbachstrasse;städtisch / Hintergrund;Russ Jahresmittel* (eBC, µg/m3);µg/m3;1.97;2006
Zürich_Stampfenbachstrasse;städtisch / Hintergrund;Russ Jahresmittel* (eBC, µg/m3);µg/m3;1.54;2007
Zürich_Stampfenbachstrasse;städtisch / Hintergrund;Russ Jahresmittel* (eBC, µg/m3);µg/m3;1.56;2008
Zürich_Stampfenbachstrasse;städtisch / Hintergrund;Russ Jahresmittel* (eBC, µg/m3);µg/m3;1.46;2009
Zürich_Stampfenbachstrasse;städtisch / Hintergrund;Russ Jahresmittel* (eBC, µg/m3);µg/m3;1.18;2010
Zürich_Stampfenbachstrasse;städtisch / Hintergrund;Russ Jahresmittel* (eBC, µg/m3);µg/m3;1.25;2011
Zürich_Stampfenbachstrasse;städtisch / Hintergrund;Russ Jahresmittel* (eBC, µg/m3);µg/m3;1.08;2012
Zürich_Stampfenbachstrasse;städtisch / Hintergrund;Russ Jahresmittel* (eBC, µg/m3);µg/m3;0.97;2013
Zürich_Stampfenbachstrasse;städtisch / Hintergrund;Russ Jahresmittel* (eBC, µg/m3);µg/m3;0.85;2014
Zürich_Stampfenbachstrasse;städtisch / Hintergrund;Russ Jahresmittel* (eBC, µg/m3);µg/m3;0.76;2015
Zürich_Stampfenbachstrasse;städtisch / Hintergrund;Russ Jahresmittel* (eBC, µg/m3);µg/m3;0.72;2016
Zürich_Stampfenbachstrasse;städtisch / Hintergrund;Russ Jahresmittel* (eBC, µg/m3);µg/m3;0.65;2017
Zürich_Stampfenbachstrasse;städtisch / Hintergrund;Russ Jahresmittel* (eBC, µg/m3);µg/m3;0.61;2018
Zürich_Stampfenbachstrasse;städtisch / Hintergrund;Russ Jahresmittel* (eBC, µg/m3);µg/m3;0.61;2019
Zürich_Stampfenbachstrasse;städtisch / Hintergrund;Russ Jahresmittel* (eBC, µg/m3);µg/m3;0.49;2020
Zürich_Stampfenbachstrasse;städtisch / Hintergrund;Russ Jahresmittel* (eBC, µg/m3);µg/m3;0.42;2021
Zürich_Stampfenbachstrasse;städtisch / Hintergrund;Russ Jahresmittel* (eBC, µg/m3);µg/m3;0.44;2022
Zürich-Kaserne_NABEL;städtisch / Hintergrund;Russ Jahresmittel* (eBC, µg/m3);µg/m3;1.07;2010
Zürich-Kaserne_NABEL;städtisch / Hintergrund;Russ Jahresmittel* (eBC, µg/m3);µg/m3;1.12;2011
Zürich-Kaserne_NABEL;städtisch / Hintergrund;Russ Jahresmittel* (eBC, µg/m3);µg/m3;0.83;2012
Zürich-Kaserne_NABEL;städtisch / Hintergrund;Russ Jahresmittel* (eBC, µg/m3);µg/m3;0.75;2013
Zürich-Kaserne_NABEL;städtisch / Hintergrund;Russ Jahresmittel* (eBC, µg/m3);µg/m3;0.67;2014
Zürich-Kaserne_NABEL;städtisch / Hintergrund;Russ Jahresmittel* (eBC, µg/m3);µg/m3;0.66;2015
Zürich-Kaserne_NABEL;städtisch / Hintergrund;Russ Jahresmittel* (eBC, µg/m3);µg/m3;0.58;2016
Zürich-Kaserne_NABEL;städtisch / Hintergrund;Russ Jahresmittel* (eBC, µg/m3);µg/m3;0.55;2017
Zürich-Kaserne_NABEL;städtisch / Hintergrund;Russ Jahresmittel* (eBC, µg/m3);µg/m3;0.49;2018
Zürich-Kaserne_NABEL;städtisch / Hintergrund;Russ Jahresmittel* (eBC, µg/m3);µg/m3;0.43;2019
Zürich-Kaserne_NABEL;städtisch / Hintergrund;Russ Jahresmittel* (eBC, µg/m3);µg/m3;0.42;2020
Zürich-Kaserne_NABEL;städtisch / Hintergrund;Russ Jahresmittel* (eBC, µg/m3);µg/m3;0.4;2021
